fips,fipstate,naics,emp,ap,est,ABBR
15001,15,------,54561,2027850,4032,HI
15001,15,11----,120,3677,11,HI
15001,15,114111,5,34,3,HI
15001,15,114112,0,0,1,HI
15001,15,115112,0,0,1,HI
15001,15,115114,0,0,1,HI
15001,15,115115,0,0,1,HI
15001,15,115116,0,0,1,HI
15001,15,115210,0,0,2,HI
15001,15,115310,0,0,1,HI
15001,15,22----,485,51313,15,HI
15001,15,221112,0,0,2,HI
15001,15,221115,0,0,1,HI
15001,15,221116,0,0,1,HI
15001,15,221117,0,0,1,HI
15001,15,221310,45,3149,5,HI
15001,15,221320,23,1221,5,HI
15001,15,23----,3150,178093,394,HI
15001,15,236115,594,29059,62,HI
15001,15,236117,0,0,2,HI
15001,15,236118,118,4442,43,HI
15001,15,236210,0,0,2,HI
15001,15,236220,144,12983,14,HI
15001,15,237110,14,687,4,HI
15001,15,237120,0,0,1,HI
15001,15,237130,5,301,3,HI
15001,15,237210,60,7090,5,HI
15001,15,237310,41,1926,5,HI
15001,15,238110,73,3642,9,HI
15001,15,238120,0,0,1,HI
15001,15,238130,0,0,2,HI
15001,15,238140,148,4553,20,HI
15001,15,238150,26,1866,5,HI
15001,15,238160,84,3197,13,HI
15001,15,238170,0,0,1,HI
15001,15,238190,0,0,1,HI
15001,15,238210,393,21316,45,HI
15001,15,238220,347,19925,48,HI
15001,15,238290,0,0,1,HI
15001,15,238310,154,6390,12,HI
15001,15,238320,117,7188,20,HI
15001,15,238330,29,1025,6,HI
15001,15,238340,75,3807,8,HI
15001,15,238350,70,3657,12,HI
15001,15,238390,14,396,4,HI
15001,15,238910,434,30781,29,HI
15001,15,238990,152,10564,16,HI
15001,15,31----,1489,63111,117,HI
15001,15,311111,0,0,1,HI
15001,15,311230,0,0,1,HI
15001,15,311352,0,0,1,HI
15001,15,311412,0,0,1,HI
15001,15,311421,23,721,4,HI
15001,15,311422,0,0,1,HI
15001,15,311511,0,0,1,HI
15001,15,311611,0,0,2,HI
15001,15,311612,0,0,1,HI
15001,15,311710,0,0,1,HI
15001,15,311811,61,1420,8,HI
15001,15,311821,0,0,3,HI
15001,15,311824,0,0,1,HI
15001,15,311830,0,0,1,HI
15001,15,311911,0,0,4,HI
15001,15,311919,0,0,2,HI
15001,15,311920,70,2032,7,HI
15001,15,311941,0,0,1,HI
15001,15,311991,24,575,3,HI
15001,15,312111,0,0,3,HI
15001,15,312112,0,0,2,HI
15001,15,312113,0,0,2,HI
15001,15,312120,0,0,3,HI
15001,15,312130,0,0,1,HI
15001,15,314120,0,0,1,HI
15001,15,314910,0,0,1,HI
15001,15,314999,0,0,2,HI
15001,15,321113,0,0,2,HI
15001,15,321114,0,0,1,HI
15001,15,321214,0,0,1,HI
15001,15,321911,0,0,1,HI
15001,15,321918,0,0,1,HI
15001,15,323111,24,620,7,HI
15001,15,323113,0,0,2,HI
15001,15,325211,0,0,1,HI
15001,15,325311,0,0,1,HI
15001,15,325412,0,0,2,HI
15001,15,325611,0,0,1,HI
15001,15,325620,0,0,1,HI
15001,15,325998,0,0,1,HI
15001,15,326113,0,0,1,HI
15001,15,326199,0,0,2,HI
15001,15,327215,0,0,2,HI
15001,15,327320,165,10509,4,HI
15001,15,327390,0,0,2,HI
15001,15,327991,0,0,2,HI
15001,15,332321,0,0,1,HI
15001,15,332322,0,0,1,HI
15001,15,332710,0,0,2,HI
15001,15,332812,0,0,1,HI
15001,15,332996,0,0,1,HI
15001,15,332999,0,0,1,HI
15001,15,333314,0,0,1,HI
15001,15,336612,0,0,1,HI
15001,15,337110,34,1846,5,HI
15001,15,337122,0,0,1,HI
15001,15,337215,0,0,1,HI
15001,15,339116,0,0,1,HI
15001,15,339910,5,129,4,HI
15001,15,339950,0,0,1,HI
15001,15,339999,0,0,1,HI
15001,15,42----,1837,79526,189,HI
15001,15,423110,0,0,1,HI
15001,15,423120,25,963,4,HI
15001,15,423220,0,0,1,HI
15001,15,423310,11,500,4,HI
15001,15,423320,22,1639,4,HI
15001,15,423330,0,0,1,HI
15001,15,423390,0,0,5,HI
15001,15,423420,8,370,4,HI
15001,15,423430,0,0,1,HI
15001,15,423440,0,0,2,HI
15001,15,423490,0,0,1,HI
15001,15,423510,7,284,3,HI
15001,15,423610,31,2085,5,HI
15001,15,423690,7,226,4,HI
15001,15,423710,0,0,1,HI
15001,15,423720,52,2952,6,HI
15001,15,423730,0,0,2,HI
15001,15,423810,52,2742,6,HI
15001,15,423820,28,1265,3,HI
15001,15,423830,33,1510,8,HI
15001,15,423850,0,0,2,HI
15001,15,423910,0,0,2,HI
15001,15,423920,0,0,1,HI
15001,15,423930,42,1689,4,HI
15001,15,423940,0,0,1,HI
15001,15,423990,9,143,3,HI
15001,15,424120,0,0,3,HI
15001,15,424130,39,1442,4,HI
15001,15,424210,19,574,6,HI
15001,15,424310,0,0,1,HI
15001,15,424320,0,0,1,HI
15001,15,424330,0,0,2,HI
15001,15,424410,0,0,1,HI
15001,15,424420,262,11536,3,HI
15001,15,424430,0,0,2,HI
15001,15,424440,0,0,2,HI
15001,15,424450,114,4720,7,HI
15001,15,424460,54,1598,4,HI
15001,15,424480,133,4776,12,HI
15001,15,424490,180,7898,19,HI
15001,15,424510,0,0,1,HI
15001,15,424520,0,0,1,HI
15001,15,424610,0,0,1,HI
15001,15,424690,0,0,1,HI
15001,15,424710,27,1716,3,HI
15001,15,424720,0,0,3,HI
15001,15,424810,0,0,4,HI
15001,15,424820,0,0,2,HI
15001,15,424910,35,2530,6,HI
15001,15,424930,171,3104,11,HI
15001,15,424940,0,0,1,HI
15001,15,424990,20,689,7,HI
15001,15,425120,0,0,2,HI
15001,15,44----,9654,282708,614,HI
15001,15,441110,515,26598,14,HI
15001,15,441120,27,1549,7,HI
15001,15,441222,18,647,5,HI
15001,15,441228,0,0,1,HI
15001,15,441310,252,8601,19,HI
15001,15,441320,156,5668,12,HI
15001,15,442110,77,2623,14,HI
15001,15,442210,0,0,2,HI
15001,15,442299,70,1182,11,HI
15001,15,443141,15,464,4,HI
15001,15,443142,86,1788,17,HI
15001,15,444110,765,23747,7,HI
15001,15,444120,0,0,4,HI
15001,15,444130,136,4159,17,HI
15001,15,444190,44,2202,12,HI
15001,15,444210,0,0,2,HI
15001,15,444220,88,2838,13,HI
15001,15,445110,2272,61814,43,HI
15001,15,445120,189,4195,22,HI
15001,15,445210,0,0,1,HI
15001,15,445220,0,0,1,HI
15001,15,445230,10,164,3,HI
15001,15,445291,0,0,1,HI
15001,15,445292,6,157,3,HI
15001,15,445299,0,0,1,HI
15001,15,445310,21,579,3,HI
15001,15,446110,329,10533,27,HI
15001,15,446120,31,534,4,HI
15001,15,446130,50,995,11,HI
15001,15,446191,35,558,6,HI
15001,15,446199,33,1212,9,HI
15001,15,447110,459,11237,44,HI
15001,15,447190,317,8618,10,HI
15001,15,448110,35,848,4,HI
15001,15,448120,101,1841,18,HI
15001,15,448140,410,5009,21,HI
15001,15,448150,50,824,11,HI
15001,15,448190,74,929,10,HI
15001,15,448210,66,1375,13,HI
15001,15,448310,127,5150,30,HI
15001,15,451110,215,3810,16,HI
15001,15,451120,0,0,3,HI
15001,15,451130,0,0,1,HI
15001,15,451140,8,154,3,HI
15001,15,451211,0,0,2,HI
15001,15,452111,0,0,3,HI
15001,15,452112,1091,38624,5,HI
15001,15,452910,0,0,1,HI
15001,15,452990,68,1241,8,HI
15001,15,453110,30,822,6,HI
15001,15,453210,0,0,3,HI
15001,15,453220,208,4420,43,HI
15001,15,453310,51,943,6,HI
15001,15,453910,25,626,3,HI
15001,15,453920,69,1241,14,HI
15001,15,453991,59,1327,6,HI
15001,15,453998,25,1057,8,HI
15001,15,454111,16,313,6,HI
15001,15,454112,0,0,2,HI
15001,15,454113,0,0,1,HI
15001,15,454210,0,0,2,HI
15001,15,454310,69,3442,8,HI
15001,15,454390,8,185,7,HI
15001,15,48----,2463,95430,172,HI
15001,15,481111,360,15739,7,HI
15001,15,481112,0,0,2,HI
15001,15,481211,0,0,1,HI
15001,15,483113,0,0,1,HI
15001,15,484110,204,11363,20,HI
15001,15,484121,0,0,1,HI
15001,15,484210,0,0,3,HI
15001,15,484220,145,6608,15,HI
15001,15,484230,0,0,4,HI
15001,15,485310,11,211,5,HI
15001,15,485320,53,1400,5,HI
15001,15,485410,0,0,1,HI
15001,15,485510,0,0,1,HI
15001,15,485991,0,0,2,HI
15001,15,485999,0,0,1,HI
15001,15,487110,366,12438,15,HI
15001,15,487210,354,10857,43,HI
15001,15,487990,215,10750,6,HI
15001,15,488119,211,3264,4,HI
15001,15,488190,8,255,3,HI
15001,15,488320,0,0,2,HI
15001,15,488390,0,0,1,HI
15001,15,488410,44,1105,9,HI
15001,15,488510,0,0,3,HI
15001,15,492110,161,7467,9,HI
15001,15,492210,18,357,4,HI
15001,15,493110,0,0,2,HI
15001,15,493190,0,0,2,HI
15001,15,51----,633,36004,56,HI
15001,15,511110,0,0,4,HI
15001,15,511120,8,228,4,HI
15001,15,511210,0,0,1,HI
15001,15,512110,7,258,3,HI
15001,15,512131,0,0,2,HI
15001,15,512210,0,0,1,HI
15001,15,512230,0,0,1,HI
15001,15,515111,0,0,3,HI
15001,15,515112,30,886,4,HI
15001,15,517110,310,22109,16,HI
15001,15,517210,81,4669,9,HI
15001,15,517919,0,0,2,HI
15001,15,518210,16,464,4,HI
15001,15,519130,0,0,1,HI
15001,15,519190,0,0,1,HI
15001,15,52----,1151,57736,177,HI
15001,15,522110,199,8710,28,HI
15001,15,522120,0,0,7,HI
15001,15,522130,421,18299,32,HI
15001,15,522291,0,0,1,HI
15001,15,522292,31,1993,13,HI
15001,15,522298,15,653,5,HI
15001,15,522310,27,1841,7,HI
15001,15,522320,0,0,1,HI
15001,15,522390,50,1589,10,HI
15001,15,523120,38,4431,12,HI
15001,15,523910,0,0,3,HI
15001,15,523920,6,209,4,HI
15001,15,523930,0,0,2,HI
15001,15,524114,0,0,1,HI
15001,15,524126,0,0,2,HI
15001,15,524127,28,1820,5,HI
15001,15,524128,0,0,1,HI
15001,15,524210,209,13021,42,HI
15001,15,524291,0,0,1,HI
15001,15,53----,1120,43397,251,HI
15001,15,531110,76,1948,24,HI
15001,15,531120,131,4892,31,HI
15001,15,531130,25,791,12,HI
15001,15,531190,0,0,3,HI
15001,15,531210,161,9769,68,HI
15001,15,531311,229,8149,29,HI
15001,15,531312,39,1653,7,HI
15001,15,531320,12,390,6,HI
15001,15,531390,4,142,7,HI
15001,15,532111,345,13096,32,HI
15001,15,532120,0,0,1,HI
15001,15,532210,0,0,1,HI
15001,15,532230,0,0,1,HI
15001,15,532291,0,0,1,HI
15001,15,532292,35,730,10,HI
15001,15,532299,6,90,4,HI
15001,15,532310,0,0,1,HI
15001,15,532412,0,0,1,HI
15001,15,532420,0,0,1,HI
15001,15,532490,28,1069,11,HI
15001,15,54----,1485,85775,302,HI
15001,15,541110,180,9093,56,HI
15001,15,541211,144,7809,29,HI
15001,15,541213,63,915,15,HI
15001,15,541214,0,0,1,HI
15001,15,541219,43,1479,27,HI
15001,15,541310,44,3014,15,HI
15001,15,541320,0,0,2,HI
15001,15,541330,146,10555,24,HI
15001,15,541340,8,739,5,HI
15001,15,541350,2,129,3,HI
15001,15,541370,23,828,7,HI
15001,15,541380,0,0,2,HI
15001,15,541410,28,1814,6,HI
15001,15,541430,9,195,5,HI
15001,15,541511,55,3724,11,HI
15001,15,541512,22,2137,8,HI
15001,15,541513,0,0,1,HI
15001,15,541611,40,1344,14,HI
15001,15,541612,0,0,2,HI
15001,15,541613,28,707,12,HI
15001,15,541614,0,0,3,HI
15001,15,541620,12,746,5,HI
15001,15,541690,23,1411,8,HI
15001,15,541711,0,0,2,HI
15001,15,541712,297,26685,5,HI
15001,15,541720,0,0,2,HI
15001,15,541810,0,0,2,HI
15001,15,541820,0,0,1,HI
15001,15,541830,0,0,1,HI
15001,15,541850,0,0,1,HI
15001,15,541890,0,0,2,HI
15001,15,541921,22,491,6,HI
15001,15,541940,142,5568,15,HI
15001,15,541990,11,737,4,HI
15001,15,55----,360,20278,17,HI
15001,15,551112,0,0,2,HI
15001,15,551114,347,19422,15,HI
15001,15,56----,4692,143574,264,HI
15001,15,561110,121,4234,5,HI
15001,15,561210,9,470,4,HI
15001,15,561311,0,0,2,HI
15001,15,561320,359,6187,5,HI
15001,15,561330,1607,55368,9,HI
15001,15,561410,0,0,1,HI
15001,15,561421,0,0,1,HI
15001,15,561431,0,0,2,HI
15001,15,561439,0,0,2,HI
15001,15,561440,0,0,2,HI
15001,15,561491,0,0,1,HI
15001,15,561492,0,0,2,HI
15001,15,561510,11,250,9,HI
15001,15,561520,277,8212,26,HI
15001,15,561591,0,0,2,HI
15001,15,561599,0,0,6,HI
15001,15,561612,600,14125,14,HI
15001,15,561613,0,0,2,HI
15001,15,561621,0,0,2,HI
15001,15,561622,0,0,1,HI
15001,15,561710,145,5908,13,HI
15001,15,561720,342,6593,42,HI
15001,15,561730,474,17212,59,HI
15001,15,561740,11,156,4,HI
15001,15,561790,46,1313,17,HI
15001,15,561920,63,913,4,HI
15001,15,561990,13,244,6,HI
15001,15,562111,101,2971,9,HI
15001,15,562112,0,0,1,HI
15001,15,562212,0,0,2,HI
15001,15,562910,0,0,1,HI
15001,15,562920,48,1665,3,HI
15001,15,562991,23,1094,4,HI
15001,15,562998,0,0,1,HI
15001,15,61----,1235,38175,54,HI
15001,15,611110,1021,32107,25,HI
15001,15,611310,0,0,2,HI
15001,15,611430,0,0,3,HI
15001,15,611512,0,0,1,HI
15001,15,611519,0,0,2,HI
15001,15,611610,0,0,2,HI
15001,15,611620,89,2382,12,HI
15001,15,611691,0,0,2,HI
15001,15,611699,0,0,2,HI
15001,15,611710,0,0,3,HI
15001,15,62----,8508,367593,474,HI
15001,15,621111,928,57134,135,HI
15001,15,621112,8,358,4,HI
15001,15,621210,435,21228,67,HI
15001,15,621310,24,822,11,HI
15001,15,621320,55,2652,11,HI
15001,15,621330,189,6158,26,HI
15001,15,621340,95,3785,18,HI
15001,15,621391,23,380,4,HI
15001,15,621399,23,768,10,HI
15001,15,621420,133,3948,8,HI
15001,15,621491,0,0,3,HI
15001,15,621492,0,0,3,HI
15001,15,621493,67,2079,3,HI
15001,15,621498,278,12328,13,HI
15001,15,621511,0,0,8,HI
15001,15,621512,0,0,7,HI
15001,15,621610,743,16037,17,HI
15001,15,621910,0,0,4,HI
15001,15,621999,13,222,4,HI
15001,15,622110,2729,147619,5,HI
15001,15,623110,0,0,4,HI
15001,15,623220,21,356,3,HI
15001,15,623312,146,3788,6,HI
15001,15,624110,124,5633,10,HI
15001,15,624120,447,7854,8,HI
15001,15,624190,284,7365,16,HI
15001,15,624210,0,0,3,HI
15001,15,624221,0,0,3,HI
15001,15,624229,69,2795,6,HI
15001,15,624310,217,3899,12,HI
15001,15,624410,361,7467,42,HI
15001,15,71----,967,30525,77,HI
15001,15,711110,0,0,2,HI
15001,15,711130,9,81,4,HI
15001,15,711219,0,0,1,HI
15001,15,711310,0,0,1,HI
15001,15,711410,0,0,1,HI
15001,15,711510,16,555,10,HI
15001,15,712110,33,675,4,HI
15001,15,712130,114,3191,5,HI
15001,15,713120,24,435,5,HI
15001,15,713910,433,18439,9,HI
15001,15,713930,0,0,1,HI
15001,15,713940,89,1473,11,HI
15001,15,713990,135,3822,23,HI
15001,15,72----,13244,392245,461,HI
15001,15,721110,6271,246964,45,HI
15001,15,721191,47,757,14,HI
15001,15,721199,22,560,4,HI
15001,15,721214,0,0,1,HI
15001,15,721310,0,0,1,HI
15001,15,722310,0,0,9,HI
15001,15,722320,25,758,7,HI
15001,15,722330,16,424,4,HI
15001,15,722410,267,5206,21,HI
15001,15,722511,3939,91668,157,HI
15001,15,722513,1967,33511,145,HI
15001,15,722514,0,0,1,HI
15001,15,722515,500,8758,52,HI
15001,15,81----,1953,58453,382,HI
15001,15,811111,169,6465,43,HI
15001,15,811113,0,0,1,HI
15001,15,811118,24,850,3,HI
15001,15,811121,96,3458,15,HI
15001,15,811122,8,173,3,HI
15001,15,811191,0,0,1,HI
15001,15,811192,11,247,3,HI
15001,15,811198,0,0,2,HI
15001,15,811212,0,0,2,HI
15001,15,811310,47,2149,5,HI
15001,15,811412,6,136,4,HI
15001,15,811420,0,0,1,HI
15001,15,811490,10,457,7,HI
15001,15,812111,0,0,1,HI
15001,15,812112,202,4273,34,HI
15001,15,812113,0,0,2,HI
15001,15,812199,37,816,6,HI
15001,15,812210,0,0,2,HI
15001,15,812220,0,0,2,HI
15001,15,812310,50,854,8,HI
15001,15,812320,0,0,2,HI
15001,15,812331,0,0,1,HI
15001,15,812910,34,544,4,HI
15001,15,812930,26,732,5,HI
15001,15,812990,25,263,7,HI
15001,15,813110,327,6136,81,HI
15001,15,813211,16,623,4,HI
15001,15,813212,0,0,2,HI
15001,15,813219,0,0,2,HI
15001,15,813311,0,0,2,HI
15001,15,813312,74,2533,13,HI
15001,15,813319,38,1551,10,HI
15001,15,813410,50,1284,8,HI
15001,15,813910,22,1044,10,HI
15001,15,813930,83,2117,6,HI
15001,15,813940,0,0,1,HI
15001,15,813990,404,15438,79,HI
15001,15,99----,15,237,5,HI
15003,15,------,359766,16368921,21404,HI
15003,15,11----,28,1035,19,HI
15003,15,114111,22,927,14,HI
15003,15,115210,6,108,5,HI
15003,15,21----,153,12132,5,HI
15003,15,212319,0,0,1,HI
15003,15,212321,0,0,1,HI
15003,15,212399,0,0,1,HI
15003,15,213111,0,0,1,HI
15003,15,213112,0,0,1,HI
15003,15,22----,0,0,20,HI
15003,15,221112,0,0,6,HI
15003,15,221114,0,0,1,HI
15003,15,221116,0,0,1,HI
15003,15,221122,0,0,3,HI
15003,15,221210,0,0,4,HI
15003,15,221310,0,0,1,HI
15003,15,221320,0,0,4,HI
15003,15,23----,25153,1843149,1746,HI
15003,15,236115,609,34965,93,HI
15003,15,236116,45,3659,7,HI
15003,15,236117,259,28545,13,HI
15003,15,236118,918,41196,280,HI
15003,15,236210,0,0,1,HI
15003,15,236220,5063,422289,166,HI
15003,15,237110,440,34322,26,HI
15003,15,237120,0,0,3,HI
15003,15,237130,189,18601,12,HI
15003,15,237210,45,3637,12,HI
15003,15,237310,1182,104413,30,HI
15003,15,237990,317,25525,9,HI
15003,15,238110,527,33041,26,HI
15003,15,238120,564,38378,17,HI
15003,15,238130,584,35358,9,HI
15003,15,238140,220,10299,28,HI
15003,15,238150,316,21712,26,HI
15003,15,238160,1032,52043,68,HI
15003,15,238170,85,5360,11,HI
15003,15,238190,55,3154,15,HI
15003,15,238210,2782,215617,232,HI
15003,15,238220,3288,242344,237,HI
15003,15,238290,884,75656,24,HI
15003,15,238310,1624,114500,34,HI
15003,15,238320,1156,73619,98,HI
15003,15,238330,385,19204,50,HI
15003,15,238340,471,47074,45,HI
15003,15,238350,550,36069,62,HI
15003,15,238390,217,12167,24,HI
15003,15,238910,706,48410,37,HI
15003,15,238990,601,38732,51,HI
15003,15,31----,10060,442729,496,HI
15003,15,311212,0,0,1,HI
15003,15,311224,0,0,2,HI
15003,15,311340,0,0,2,HI
15003,15,311351,0,0,1,HI
15003,15,311352,389,15042,6,HI
15003,15,311421,155,4077,8,HI
15003,15,311423,0,0,1,HI
15003,15,311511,0,0,1,HI
15003,15,311520,40,1647,4,HI
15003,15,311611,0,0,1,HI
15003,15,311612,194,7444,7,HI
15003,15,311615,0,0,1,HI
15003,15,311710,0,0,1,HI
15003,15,311811,621,11899,46,HI
15003,15,311812,967,24965,22,HI
15003,15,311821,0,0,7,HI
15003,15,311824,20,285,3,HI
15003,15,311830,0,0,1,HI
15003,15,311911,0,0,1,HI
15003,15,311919,40,1182,4,HI
15003,15,311920,0,0,4,HI
15003,15,311930,0,0,2,HI
15003,15,311941,61,2306,5,HI
15003,15,311942,0,0,2,HI
15003,15,311991,590,15834,9,HI
15003,15,311999,192,2247,5,HI
15003,15,312111,400,18884,4,HI
15003,15,312112,198,9380,5,HI
15003,15,312113,0,0,1,HI
15003,15,312120,0,0,1,HI
15003,15,312130,0,0,1,HI
15003,15,312140,11,272,3,HI
15003,15,314120,0,0,3,HI
15003,15,314910,27,1253,3,HI
15003,15,314999,16,338,5,HI
15003,15,315210,156,2636,22,HI
15003,15,315220,0,0,1,HI
15003,15,315240,207,5879,11,HI
15003,15,316210,0,0,1,HI
15003,15,321214,0,0,2,HI
15003,15,321911,51,2187,3,HI
15003,15,321912,0,0,1,HI
15003,15,321918,0,0,1,HI
15003,15,321920,0,0,2,HI
15003,15,321999,5,79,3,HI
15003,15,322211,0,0,1,HI
15003,15,322220,0,0,1,HI
15003,15,322299,0,0,1,HI
15003,15,323111,577,21743,39,HI
15003,15,323113,254,9315,27,HI
15003,15,324110,0,0,2,HI
15003,15,324121,0,0,1,HI
15003,15,325314,0,0,2,HI
15003,15,325611,63,2661,6,HI
15003,15,325620,0,0,1,HI
15003,15,325998,0,0,1,HI
15003,15,326111,0,0,2,HI
15003,15,326112,0,0,1,HI
15003,15,326140,0,0,1,HI
15003,15,326160,0,0,1,HI
15003,15,326199,77,3477,6,HI
15003,15,326212,0,0,1,HI
15003,15,327215,0,0,2,HI
15003,15,327320,300,28618,6,HI
15003,15,327331,0,0,2,HI
15003,15,327332,0,0,2,HI
15003,15,327390,193,9139,6,HI
15003,15,327991,46,1724,4,HI
15003,15,327999,0,0,1,HI
15003,15,331210,0,0,1,HI
15003,15,331410,0,0,1,HI
15003,15,332114,0,0,1,HI
15003,15,332215,0,0,1,HI
15003,15,332311,0,0,1,HI
15003,15,332312,0,0,2,HI
15003,15,332321,23,498,4,HI
15003,15,332322,92,7080,5,HI
15003,15,332323,0,0,3,HI
15003,15,332431,0,0,1,HI
15003,15,332510,0,0,1,HI
15003,15,332710,48,3111,5,HI
15003,15,332812,0,0,2,HI
15003,15,332994,0,0,1,HI
15003,15,332999,0,0,1,HI
15003,15,333111,0,0,1,HI
15003,15,333241,0,0,1,HI
15003,15,333413,0,0,1,HI
15003,15,333414,0,0,1,HI
15003,15,333415,0,0,1,HI
15003,15,333511,0,0,1,HI
15003,15,334510,0,0,1,HI
15003,15,334511,0,0,1,HI
15003,15,334516,0,0,1,HI
15003,15,334519,0,0,1,HI
15003,15,335121,0,0,1,HI
15003,15,336211,0,0,1,HI
15003,15,336350,0,0,2,HI
15003,15,336413,0,0,2,HI
15003,15,336611,723,44917,13,HI
15003,15,336612,0,0,1,HI
15003,15,336992,0,0,1,HI
15003,15,337110,93,4379,12,HI
15003,15,337122,120,6364,6,HI
15003,15,337124,0,0,1,HI
15003,15,337212,0,0,1,HI
15003,15,337215,0,0,1,HI
15003,15,337910,0,0,2,HI
15003,15,337920,0,0,2,HI
15003,15,339115,0,0,1,HI
15003,15,339116,163,6101,22,HI
15003,15,339910,242,6128,15,HI
15003,15,339920,47,1217,15,HI
15003,15,339930,0,0,2,HI
15003,15,339940,0,0,1,HI
15003,15,339950,77,2804,10,HI
15003,15,339992,63,2172,3,HI
15003,15,339999,4,63,4,HI
15003,15,42----,15051,786300,1196,HI
15003,15,423110,192,15387,12,HI
15003,15,423120,500,24157,18,HI
15003,15,423130,87,4672,8,HI
15003,15,423210,234,13272,15,HI
15003,15,423220,212,11085,30,HI
15003,15,423310,147,7933,18,HI
15003,15,423320,44,3322,5,HI
15003,15,423330,159,10552,11,HI
15003,15,423390,116,8267,14,HI
15003,15,423410,41,2961,6,HI
15003,15,423420,407,25840,19,HI
15003,15,423430,101,9253,15,HI
15003,15,423440,203,10664,18,HI
15003,15,423450,235,16887,27,HI
15003,15,423460,0,0,2,HI
15003,15,423490,27,1119,6,HI
15003,15,423510,169,11892,17,HI
15003,15,423610,407,28913,41,HI
15003,15,423620,94,4623,10,HI
15003,15,423690,338,29471,32,HI
15003,15,423710,127,8240,16,HI
15003,15,423720,313,22145,20,HI
15003,15,423730,182,16161,13,HI
15003,15,423740,23,1638,4,HI
15003,15,423810,121,7637,9,HI
15003,15,423820,125,9325,10,HI
15003,15,423830,210,13401,31,HI
15003,15,423840,41,1947,9,HI
15003,15,423850,126,7723,11,HI
15003,15,423860,46,3947,5,HI
15003,15,423910,112,4514,18,HI
15003,15,423920,35,1284,10,HI
15003,15,423930,293,12940,17,HI
15003,15,423940,273,7142,56,HI
15003,15,423990,193,9685,26,HI
15003,15,424110,0,0,2,HI
15003,15,424120,160,7858,19,HI
15003,15,424130,372,16937,24,HI
15003,15,424210,725,26522,49,HI
15003,15,424310,69,2761,9,HI
15003,15,424320,295,10874,28,HI
15003,15,424330,188,8281,28,HI
15003,15,424340,40,1966,9,HI
15003,15,424410,276,13311,16,HI
15003,15,424420,1083,55424,33,HI
15003,15,424430,178,8592,6,HI
15003,15,424440,78,2885,3,HI
15003,15,424450,396,16014,16,HI
15003,15,424460,555,21508,17,HI
15003,15,424470,113,4823,6,HI
15003,15,424480,799,32790,34,HI
15003,15,424490,1239,53011,51,HI
15003,15,424610,38,1828,5,HI
15003,15,424690,116,5334,17,HI
15003,15,424710,136,11788,5,HI
15003,15,424720,0,0,2,HI
15003,15,424810,0,0,3,HI
15003,15,424820,471,32403,13,HI
15003,15,424910,91,4693,12,HI
15003,15,424920,36,972,11,HI
15003,15,424930,183,5661,27,HI
15003,15,424940,5,152,3,HI
15003,15,424950,38,2450,4,HI
15003,15,424990,455,17125,64,HI
15003,15,425120,495,25618,101,HI
15003,15,44----,47049,1376041,2851,HI
15003,15,441110,3350,203336,41,HI
15003,15,441120,123,4345,34,HI
15003,15,441222,157,6253,8,HI
15003,15,441228,201,8365,13,HI
15003,15,441310,661,19337,71,HI
15003,15,441320,415,14038,36,HI
15003,15,442110,264,11510,37,HI
15003,15,442210,91,4787,11,HI
15003,15,442291,35,1102,6,HI
15003,15,442299,497,9845,37,HI
15003,15,443141,93,2950,17,HI
15003,15,443142,1207,35323,79,HI
15003,15,444110,2071,57461,18,HI
15003,15,444120,84,3589,17,HI
15003,15,444130,231,7178,25,HI
15003,15,444190,462,24165,47,HI
15003,15,444210,38,1732,4,HI
15003,15,444220,47,1319,12,HI
15003,15,445110,6300,163955,185,HI
15003,15,445120,1106,31036,140,HI
15003,15,445210,85,1761,14,HI
15003,15,445220,259,6369,19,HI
15003,15,445230,50,714,15,HI
15003,15,445291,253,6004,19,HI
15003,15,445292,344,6897,37,HI
15003,15,445299,72,1198,9,HI
15003,15,445310,154,3411,50,HI
15003,15,446110,1680,65553,107,HI
15003,15,446120,698,15968,60,HI
15003,15,446130,301,5493,35,HI
15003,15,446191,260,5076,48,HI
15003,15,446199,163,5364,21,HI
15003,15,447110,1381,32395,126,HI
15003,15,447190,280,9709,27,HI
15003,15,448110,338,6913,38,HI
15003,15,448120,1591,27889,154,HI
15003,15,448130,206,2862,23,HI
15003,15,448140,4338,71703,148,HI
15003,15,448150,788,29692,78,HI
15003,15,448190,966,19428,69,HI
15003,15,448210,1088,20211,96,HI
15003,15,448310,995,42498,168,HI
15003,15,448320,155,7359,14,HI
15003,15,451110,802,16100,75,HI
15003,15,451120,224,4339,22,HI
15003,15,451130,79,1697,12,HI
15003,15,451140,74,2136,16,HI
15003,15,451211,138,2656,13,HI
15003,15,451212,0,0,3,HI
15003,15,452111,1526,45286,11,HI
15003,15,452112,2966,84758,11,HI
15003,15,452910,3095,103346,11,HI
15003,15,452990,709,23126,13,HI
15003,15,453110,285,6133,48,HI
15003,15,453210,371,9178,21,HI
15003,15,453220,1165,23530,140,HI
15003,15,453310,517,11483,33,HI
15003,15,453910,285,6885,22,HI
15003,15,453920,84,2066,15,HI
15003,15,453991,46,833,10,HI
15003,15,453998,178,4690,35,HI
15003,15,454111,189,6329,40,HI
15003,15,454112,0,0,1,HI
15003,15,454113,60,1529,12,HI
15003,15,454210,41,1580,9,HI
15003,15,454310,0,0,3,HI
15003,15,454390,209,7486,62,HI
15003,15,48----,23002,1277903,499,HI
15003,15,481111,7652,533413,26,HI
15003,15,481112,0,0,3,HI
15003,15,481211,24,1048,5,HI
15003,15,481212,0,0,2,HI
15003,15,481219,0,0,1,HI
15003,15,483111,0,0,1,HI
15003,15,483112,0,0,1,HI
15003,15,483113,370,45039,5,HI
15003,15,483114,0,0,1,HI
15003,15,483212,0,0,1,HI
15003,15,484110,719,33297,44,HI
15003,15,484121,0,0,4,HI
15003,15,484122,28,1407,4,HI
15003,15,484210,1082,42645,27,HI
15003,15,484220,607,28001,36,HI
15003,15,484230,0,0,3,HI
15003,15,485113,0,0,4,HI
15003,15,485119,0,0,2,HI
15003,15,485210,0,0,1,HI
15003,15,485310,291,6078,20,HI
15003,15,485320,170,5575,31,HI
15003,15,485410,0,0,4,HI
15003,15,485510,103,4033,3,HI
15003,15,485991,0,0,15,HI
15003,15,485999,482,9484,14,HI
15003,15,486910,0,0,1,HI
15003,15,487110,1097,37782,19,HI
15003,15,487210,936,28173,40,HI
15003,15,487990,114,4999,4,HI
15003,15,488119,1179,30137,13,HI
15003,15,488190,96,5232,7,HI
15003,15,488320,0,0,4,HI
15003,15,488330,69,5697,11,HI
15003,15,488390,84,3312,6,HI
15003,15,488410,96,2748,20,HI
15003,15,488510,703,31289,48,HI
15003,15,488991,0,0,1,HI
15003,15,492110,1037,44243,18,HI
15003,15,492210,109,3332,9,HI
15003,15,493110,580,37484,30,HI
15003,15,493120,0,0,3,HI
15003,15,493190,97,5321,7,HI
15003,15,51----,6541,418057,353,HI
15003,15,511110,0,0,5,HI
15003,15,511120,250,13440,25,HI
15003,15,511130,45,2386,8,HI
15003,15,511140,65,2621,4,HI
15003,15,511191,0,0,1,HI
15003,15,511199,0,0,1,HI
15003,15,511210,114,14135,20,HI
15003,15,512110,215,5615,37,HI
15003,15,512131,0,0,13,HI
15003,15,512132,0,0,1,HI
15003,15,512191,7,257,4,HI
15003,15,512199,0,0,2,HI
15003,15,512220,0,0,2,HI
15003,15,512230,0,0,2,HI
15003,15,512240,13,316,4,HI
15003,15,512290,0,0,1,HI
15003,15,515112,303,14683,16,HI
15003,15,515120,384,25214,12,HI
15003,15,515210,0,0,3,HI
15003,15,517110,2766,215369,71,HI
15003,15,517210,588,38348,60,HI
15003,15,517410,27,1960,5,HI
15003,15,517911,10,333,4,HI
15003,15,517919,0,0,2,HI
15003,15,518210,630,46349,37,HI
15003,15,519110,0,0,1,HI
15003,15,519120,0,0,1,HI
15003,15,519130,49,2886,10,HI
15003,15,519190,0,0,1,HI
15003,15,52----,16355,1140313,1027,HI
15003,15,522110,4430,314925,137,HI
15003,15,522120,1453,100974,70,HI
15003,15,522130,1464,77466,85,HI
15003,15,522210,0,0,1,HI
15003,15,522220,17,1127,4,HI
15003,15,522291,9,812,3,HI
15003,15,522292,348,40257,51,HI
15003,15,522293,0,0,1,HI
15003,15,522298,32,1775,10,HI
15003,15,522310,99,10275,28,HI
15003,15,522320,46,2603,6,HI
15003,15,522390,137,3281,39,HI
15003,15,523110,0,0,1,HI
15003,15,523120,472,67827,67,HI
15003,15,523130,15,262,5,HI
15003,15,523140,0,0,2,HI
15003,15,523910,54,4667,17,HI
15003,15,523920,172,18080,39,HI
15003,15,523930,87,7165,54,HI
15003,15,523991,0,0,1,HI
15003,15,524113,323,46126,26,HI
15003,15,524114,3507,183086,31,HI
15003,15,524126,1041,79062,27,HI
15003,15,524127,250,22094,24,HI
15003,15,524130,0,0,1,HI
15003,15,524210,1589,103587,257,HI
15003,15,524291,121,7083,7,HI
15003,15,524292,579,40741,24,HI
15003,15,524298,53,2971,5,HI
15003,15,525990,3,224,4,HI
15003,15,53----,7783,417733,1232,HI
15003,15,531110,1193,46131,206,HI
15003,15,531120,1043,75327,192,HI
15003,15,531130,186,5423,40,HI
15003,15,531190,118,10082,17,HI
15003,15,531210,964,65951,268,HI
15003,15,531311,1342,70875,144,HI
15003,15,531312,528,31809,73,HI
15003,15,531320,83,5817,41,HI
15003,15,531390,241,16370,46,HI
15003,15,532111,817,33452,63,HI
15003,15,532112,0,0,1,HI
15003,15,532120,131,5991,10,HI
15003,15,532210,45,1432,9,HI
15003,15,532220,82,1575,6,HI
15003,15,532230,19,257,9,HI
15003,15,532291,64,2868,4,HI
15003,15,532292,233,5696,26,HI
15003,15,532299,223,6599,23,HI
15003,15,532310,30,1796,5,HI
15003,15,532411,0,0,2,HI
15003,15,532412,37,2214,9,HI
15003,15,532420,0,0,3,HI
15003,15,532490,255,16423,30,HI
15003,15,533110,120,10088,5,HI
15003,15,54----,18257,1248275,2425,HI
15003,15,541110,2774,223534,484,HI
15003,15,541191,0,0,4,HI
15003,15,541199,21,799,6,HI
15003,15,541211,1337,81745,229,HI
15003,15,541213,707,8820,112,HI
15003,15,541214,102,6039,7,HI
15003,15,541219,419,14917,124,HI
15003,15,541310,987,82496,109,HI
15003,15,541320,136,12461,21,HI
15003,15,541330,3136,270384,243,HI
15003,15,541340,10,398,9,HI
15003,15,541350,63,3855,10,HI
15003,15,541360,0,0,2,HI
15003,15,541370,136,6055,15,HI
15003,15,541380,80,4630,15,HI
15003,15,541410,71,3698,21,HI
15003,15,541430,99,4303,34,HI
15003,15,541490,0,0,3,HI
15003,15,541511,851,68569,109,HI
15003,15,541512,1240,104710,173,HI
15003,15,541513,718,44661,32,HI
15003,15,541519,27,1914,7,HI
15003,15,541611,917,81946,144,HI
15003,15,541612,185,10443,22,HI
15003,15,541613,163,6295,66,HI
15003,15,541614,46,2039,13,HI
15003,15,541618,0,0,3,HI
15003,15,541620,307,19698,47,HI
15003,15,541690,216,12172,37,HI
15003,15,541711,215,16470,10,HI
15003,15,541712,449,39021,51,HI
15003,15,541720,145,6510,10,HI
15003,15,541810,206,10714,26,HI
15003,15,541820,255,13677,21,HI
15003,15,541840,13,747,5,HI
15003,15,541850,11,482,4,HI
15003,15,541860,0,0,2,HI
15003,15,541890,286,6104,23,HI
15003,15,541910,235,4382,11,HI
15003,15,541921,373,9454,61,HI
15003,15,541922,85,1836,19,HI
15003,15,541930,29,1070,8,HI
15003,15,541940,798,34284,50,HI
15003,15,541990,119,7543,23,HI
15003,15,55----,5831,453215,225,HI
15003,15,551112,174,21837,23,HI
15003,15,551114,5657,431378,202,HI
15003,15,56----,23121,808205,1110,HI
15003,15,561110,606,36212,39,HI
15003,15,561210,780,32273,25,HI
15003,15,561311,147,3113,9,HI
15003,15,561312,11,647,5,HI
15003,15,561320,3366,99513,60,HI
15003,15,561330,725,100941,13,HI
15003,15,561410,27,914,5,HI
15003,15,561421,50,1201,4,HI
15003,15,561422,238,8589,4,HI
15003,15,561431,90,2013,16,HI
15003,15,561439,136,5413,20,HI
15003,15,561440,67,2347,8,HI
15003,15,561491,0,0,1,HI
15003,15,561492,28,1529,10,HI
15003,15,561499,27,1027,5,HI
15003,15,561510,975,37819,141,HI
15003,15,561520,1390,44893,93,HI
15003,15,561591,75,4668,6,HI
15003,15,561599,278,9645,20,HI
15003,15,561611,73,1837,10,HI
15003,15,561612,4264,105260,48,HI
15003,15,561613,0,0,2,HI
15003,15,561621,512,17139,19,HI
15003,15,561622,37,1559,13,HI
15003,15,561710,429,19040,41,HI
15003,15,561720,4864,104000,197,HI
15003,15,561730,1988,68592,136,HI
15003,15,561740,41,1178,13,HI
15003,15,561790,136,5639,30,HI
15003,15,561920,87,3647,14,HI
15003,15,561990,338,6976,33,HI
15003,15,562111,389,23662,17,HI
15003,15,562119,0,0,1,HI
15003,15,562211,23,2029,5,HI
15003,15,562212,79,7429,3,HI
15003,15,562213,0,0,1,HI
15003,15,562910,350,19328,18,HI
15003,15,562920,152,7188,15,HI
15003,15,562991,62,2819,6,HI
15003,15,562998,50,1923,4,HI
15003,15,61----,15641,554279,373,HI
15003,15,611110,7898,358454,63,HI
15003,15,611210,160,5218,5,HI
15003,15,611310,5203,143144,27,HI
15003,15,611420,64,3952,5,HI
15003,15,611430,33,1383,15,HI
15003,15,611511,33,976,6,HI
15003,15,611512,28,1102,6,HI
15003,15,611513,56,3908,8,HI
15003,15,611519,72,1456,17,HI
15003,15,611610,187,2534,40,HI
15003,15,611620,540,8326,53,HI
15003,15,611630,364,7490,26,HI
15003,15,611691,440,4267,52,HI
15003,15,611692,0,0,2,HI
15003,15,611699,277,3175,19,HI
15003,15,611710,283,8778,29,HI
15003,15,62----,53010,2880668,2561,HI
15003,15,621111,5232,531989,830,HI
15003,15,621112,132,6942,42,HI
15003,15,621210,3038,147168,456,HI
15003,15,621310,137,4741,56,HI
15003,15,621320,450,17189,87,HI
15003,15,621330,967,27566,93,HI
15003,15,621340,642,26918,90,HI
15003,15,621391,22,1243,12,HI
15003,15,621399,162,8581,59,HI
15003,15,621410,0,0,3,HI
15003,15,621420,352,11865,33,HI
15003,15,621491,0,0,24,HI
15003,15,621492,0,0,27,HI
15003,15,621493,362,14377,15,HI
15003,15,621498,1354,67793,35,HI
15003,15,621511,0,0,24,HI
15003,15,621512,186,9063,10,HI
15003,15,621610,2489,75797,47,HI
15003,15,621910,0,0,3,HI
15003,15,621991,0,0,4,HI
15003,15,621999,192,9933,22,HI
15003,15,622110,14818,1049277,10,HI
15003,15,622210,0,0,2,HI
15003,15,622310,2341,170377,4,HI
15003,15,623110,3390,121692,33,HI
15003,15,623210,0,0,5,HI
15003,15,623220,830,24900,23,HI
15003,15,623311,1402,48317,13,HI
15003,15,623312,644,14328,44,HI
15003,15,623990,140,4306,9,HI
15003,15,624110,483,20561,37,HI
15003,15,624120,3298,53031,79,HI
15003,15,624190,1042,33879,64,HI
15003,15,624210,98,2959,5,HI
15003,15,624221,417,10836,22,HI
15003,15,624229,164,5892,23,HI
15003,15,624230,0,0,2,HI
15003,15,624310,791,24808,34,HI
15003,15,624410,2323,53615,180,HI
15003,15,71----,7119,166501,256,HI
15003,15,711110,787,15526,14,HI
15003,15,711120,0,0,4,HI
15003,15,711130,164,3015,14,HI
15003,15,711219,0,0,3,HI
15003,15,711310,0,0,1,HI
15003,15,711320,71,1860,10,HI
15003,15,711410,7,356,4,HI
15003,15,711510,74,4960,29,HI
15003,15,712110,1455,39833,15,HI
15003,15,712120,93,3858,4,HI
15003,15,712130,0,0,4,HI
15003,15,712190,0,0,2,HI
15003,15,713110,0,0,1,HI
15003,15,713120,113,3292,13,HI
15003,15,713910,1391,34917,22,HI
15003,15,713930,99,2967,7,HI
15003,15,713940,1381,23899,53,HI
15003,15,713950,272,4092,6,HI
15003,15,713990,511,14960,50,HI
15003,15,72----,63225,1687741,2507,HI
15003,15,721110,16853,763460,105,HI
15003,15,721191,0,0,1,HI
15003,15,721199,78,1948,10,HI
15003,15,721211,0,0,1,HI
15003,15,721214,0,0,1,HI
15003,15,721310,0,0,2,HI
15003,15,722310,2405,63573,55,HI
15003,15,722320,794,10676,35,HI
15003,15,722330,201,3237,46,HI
15003,15,722410,1712,31398,176,HI
15003,15,722511,22762,516462,846,HI
15003,15,722513,15069,244763,939,HI
15003,15,722514,158,2039,8,HI
15003,15,722515,3185,49945,282,HI
15003,15,81----,19840,609055,2468,HI
15003,15,811111,683,29652,156,HI
15003,15,811112,0,0,5,HI
15003,15,811113,46,1527,11,HI
15003,15,811118,25,943,5,HI
15003,15,811121,679,33092,84,HI
15003,15,811122,88,4426,16,HI
15003,15,811191,157,4021,11,HI
15003,15,811192,152,3479,29,HI
15003,15,811198,71,4564,12,HI
15003,15,811211,0,0,1,HI
15003,15,811212,46,2203,16,HI
15003,15,811219,40,3206,7,HI
15003,15,811310,168,8447,45,HI
15003,15,811411,0,0,1,HI
15003,15,811412,66,2454,16,HI
15003,15,811420,30,861,11,HI
15003,15,811490,89,3145,17,HI
15003,15,812111,167,3790,34,HI
15003,15,812112,1699,39937,244,HI
15003,15,812113,134,3966,49,HI
15003,15,812191,20,346,4,HI
15003,15,812199,406,8506,67,HI
15003,15,812210,170,4561,13,HI
15003,15,812220,241,8695,9,HI
15003,15,812310,47,1615,13,HI
15003,15,812320,775,22051,27,HI
15003,15,812331,0,0,2,HI
15003,15,812910,155,2965,28,HI
15003,15,812921,8,184,3,HI
15003,15,812930,1587,29860,148,HI
15003,15,812990,569,19303,73,HI
15003,15,813110,3847,97090,369,HI
15003,15,813211,320,19506,31,HI
15003,15,813212,203,8337,18,HI
15003,15,813219,51,2676,7,HI
15003,15,813311,48,2830,9,HI
15003,15,813312,206,10109,29,HI
15003,15,813319,340,18230,25,HI
15003,15,813410,1416,25272,57,HI
15003,15,813910,219,14317,40,HI
15003,15,813920,71,4486,17,HI
15003,15,813930,917,40157,62,HI
15003,15,813940,7,196,4,HI
15003,15,813990,3377,106295,643,HI
15003,15,99----,59,1951,35,HI
15005,15,------,0,0,2,HI
15005,15,44----,0,0,1,HI
15005,15,451211,0,0,1,HI
15005,15,61----,0,0,1,HI
15005,15,611710,0,0,1,HI
15007,15,------,27328,1063478,2087,HI
15007,15,11----,0,0,2,HI
15007,15,113110,0,0,1,HI
15007,15,114111,0,0,1,HI
15007,15,21----,0,0,2,HI
15007,15,212312,0,0,1,HI
15007,15,212319,0,0,1,HI
15007,15,22----,205,19070,14,HI
15007,15,221117,0,0,1,HI
15007,15,221122,0,0,5,HI
15007,15,221310,0,0,1,HI
15007,15,221320,0,0,7,HI
15007,15,23----,1364,75690,222,HI
15007,15,236115,157,8392,45,HI
15007,15,236116,0,0,1,HI
15007,15,236118,77,2590,23,HI
15007,15,236210,0,0,1,HI
15007,15,236220,264,15777,11,HI
15007,15,237110,30,1212,3,HI
15007,15,237210,0,0,2,HI
15007,15,237310,0,0,1,HI
15007,15,238110,12,475,4,HI
15007,15,238120,0,0,1,HI
15007,15,238130,0,0,1,HI
15007,15,238140,43,1755,10,HI
15007,15,238150,0,0,2,HI
15007,15,238160,6,262,4,HI
15007,15,238170,0,0,2,HI
15007,15,238190,0,0,1,HI
15007,15,238210,115,6491,23,HI
15007,15,238220,79,4451,21,HI
15007,15,238310,14,583,7,HI
15007,15,238320,87,4101,16,HI
15007,15,238330,48,1734,5,HI
15007,15,238340,0,0,3,HI
15007,15,238350,16,630,9,HI
15007,15,238390,0,0,1,HI
15007,15,238910,138,11351,16,HI
15007,15,238990,81,2783,9,HI
15007,15,31----,345,10897,49,HI
15007,15,311119,0,0,1,HI
15007,15,311340,0,0,1,HI
15007,15,311352,0,0,1,HI
15007,15,311421,0,0,2,HI
15007,15,311520,0,0,1,HI
15007,15,311611,0,0,2,HI
15007,15,311811,34,353,6,HI
15007,15,311821,0,0,1,HI
15007,15,311824,0,0,1,HI
15007,15,311920,0,0,1,HI
15007,15,311941,0,0,1,HI
15007,15,311991,0,0,2,HI
15007,15,312113,0,0,1,HI
15007,15,312120,0,0,1,HI
15007,15,312140,0,0,1,HI
15007,15,314120,0,0,1,HI
15007,15,314999,0,0,1,HI
15007,15,315210,0,0,1,HI
15007,15,315240,0,0,1,HI
15007,15,321214,0,0,1,HI
15007,15,323111,16,312,3,HI
15007,15,323113,13,393,3,HI
15007,15,325620,0,0,1,HI
15007,15,327110,0,0,1,HI
15007,15,327320,0,0,2,HI
15007,15,327999,0,0,1,HI
15007,15,332322,0,0,1,HI
15007,15,334614,0,0,1,HI
15007,15,337110,0,0,1,HI
15007,15,337121,0,0,1,HI
15007,15,337122,0,0,1,HI
15007,15,339116,0,0,1,HI
15007,15,339910,0,0,2,HI
15007,15,339920,0,0,1,HI
15007,15,339950,0,0,1,HI
15007,15,42----,781,41334,93,HI
15007,15,423120,0,0,4,HI
15007,15,423310,0,0,2,HI
15007,15,423320,0,0,1,HI
15007,15,423420,0,0,1,HI
15007,15,423440,0,0,1,HI
15007,15,423610,30,1854,3,HI
15007,15,423690,0,0,2,HI
15007,15,423710,0,0,1,HI
15007,15,423810,0,0,2,HI
15007,15,423820,0,0,3,HI
15007,15,423830,0,0,1,HI
15007,15,423840,0,0,1,HI
15007,15,423910,0,0,1,HI
15007,15,423940,0,0,2,HI
15007,15,424120,0,0,1,HI
15007,15,424130,23,724,3,HI
15007,15,424210,9,240,4,HI
15007,15,424320,6,119,3,HI
15007,15,424330,7,465,3,HI
15007,15,424410,0,0,2,HI
15007,15,424420,0,0,1,HI
15007,15,424430,0,0,2,HI
15007,15,424450,46,1796,5,HI
15007,15,424460,33,1055,4,HI
15007,15,424480,67,2176,4,HI
15007,15,424490,49,2074,8,HI
15007,15,424590,0,0,1,HI
15007,15,424690,0,0,2,HI
15007,15,424710,0,0,2,HI
15007,15,424810,0,0,2,HI
15007,15,424820,0,0,2,HI
15007,15,424910,0,0,4,HI
15007,15,424920,0,0,2,HI
15007,15,424930,0,0,2,HI
15007,15,424940,0,0,1,HI
15007,15,424950,0,0,1,HI
15007,15,424990,22,593,4,HI
15007,15,425120,4,175,5,HI
15007,15,44----,4216,119796,359,HI
15007,15,441110,192,12845,7,HI
15007,15,441120,20,1466,3,HI
15007,15,441228,0,0,2,HI
15007,15,441310,0,0,1,HI
15007,15,441320,0,0,1,HI
15007,15,442110,26,615,4,HI
15007,15,442210,0,0,1,HI
15007,15,442299,31,433,4,HI
15007,15,443141,0,0,1,HI
15007,15,443142,27,432,4,HI
15007,15,444110,0,0,2,HI
15007,15,444120,14,707,6,HI
15007,15,444130,76,2261,5,HI
15007,15,444190,107,4429,11,HI
15007,15,444210,0,0,1,HI
15007,15,444220,0,0,2,HI
15007,15,445110,885,23853,20,HI
15007,15,445120,110,3378,13,HI
15007,15,445230,0,0,1,HI
15007,15,445291,0,0,1,HI
15007,15,445292,0,0,1,HI
15007,15,445299,0,0,1,HI
15007,15,445310,6,125,4,HI
15007,15,446110,141,5587,17,HI
15007,15,446120,0,0,3,HI
15007,15,446130,0,0,5,HI
15007,15,446191,17,336,6,HI
15007,15,446199,0,0,1,HI
15007,15,447110,156,2973,17,HI
15007,15,447190,20,324,3,HI
15007,15,448110,0,0,2,HI
15007,15,448120,77,1293,21,HI
15007,15,448130,0,0,1,HI
15007,15,448140,323,4820,33,HI
15007,15,448150,14,274,4,HI
15007,15,448190,83,2156,13,HI
15007,15,448210,27,453,6,HI
15007,15,448310,134,3636,31,HI
15007,15,451110,62,1353,9,HI
15007,15,451120,0,0,2,HI
15007,15,451130,0,0,1,HI
15007,15,451140,11,290,4,HI
15007,15,451211,0,0,1,HI
15007,15,451212,0,0,1,HI
15007,15,452111,0,0,1,HI
15007,15,452112,0,0,2,HI
15007,15,452910,0,0,1,HI
15007,15,452990,0,0,3,HI
15007,15,453110,25,346,4,HI
15007,15,453220,189,3825,34,HI
15007,15,453310,0,0,5,HI
15007,15,453910,33,891,5,HI
15007,15,453920,49,1503,12,HI
15007,15,453998,4,91,3,HI
15007,15,454111,24,1184,7,HI
15007,15,454113,0,0,1,HI
15007,15,454310,0,0,2,HI
15007,15,454390,0,0,2,HI
15007,15,48----,1348,53724,78,HI
15007,15,481111,214,8781,5,HI
15007,15,481112,0,0,1,HI
15007,15,481211,0,0,1,HI
15007,15,481219,0,0,1,HI
15007,15,484110,0,0,3,HI
15007,15,484210,0,0,1,HI
15007,15,484220,36,1039,4,HI
15007,15,484230,0,0,1,HI
15007,15,485320,0,0,2,HI
15007,15,485410,0,0,3,HI
15007,15,485510,0,0,1,HI
15007,15,485991,0,0,1,HI
15007,15,487110,113,3057,5,HI
15007,15,487210,288,11546,18,HI
15007,15,487990,184,9660,11,HI
15007,15,488119,0,0,2,HI
15007,15,488190,0,0,2,HI
15007,15,488320,0,0,2,HI
15007,15,488410,11,164,3,HI
15007,15,488510,0,0,2,HI
15007,15,488991,0,0,1,HI
15007,15,492110,50,2828,5,HI
15007,15,493110,0,0,2,HI
15007,15,493190,0,0,1,HI
15007,15,51----,248,12947,23,HI
15007,15,511110,0,0,1,HI
15007,15,511120,0,0,2,HI
15007,15,512110,0,0,1,HI
15007,15,512131,0,0,1,HI
15007,15,512210,0,0,1,HI
15007,15,515112,34,1053,4,HI
15007,15,517110,76,5386,4,HI
15007,15,517210,31,1908,4,HI
15007,15,518210,0,0,2,HI
15007,15,519130,0,0,2,HI
15007,15,519190,0,0,1,HI
15007,15,52----,365,17316,66,HI
15007,15,522110,106,4470,16,HI
15007,15,522120,0,0,5,HI
15007,15,522130,128,6292,9,HI
15007,15,522291,0,0,1,HI
15007,15,522292,8,436,4,HI
15007,15,522310,0,0,2,HI
15007,15,522390,12,281,4,HI
15007,15,523120,0,0,4,HI
15007,15,523920,15,521,4,HI
15007,15,524127,0,0,1,HI
15007,15,524210,42,2295,16,HI
15007,15,53----,1012,47828,164,HI
15007,15,531110,39,1586,16,HI
15007,15,531120,56,2493,14,HI
15007,15,531130,0,0,3,HI
15007,15,531190,0,0,2,HI
15007,15,531210,130,6827,53,HI
15007,15,531311,279,17359,21,HI
15007,15,531312,73,4046,8,HI
15007,15,531320,7,299,4,HI
15007,15,531390,0,0,2,HI
15007,15,532111,297,10016,17,HI
15007,15,532210,0,0,1,HI
15007,15,532291,0,0,1,HI
15007,15,532292,50,1223,10,HI
15007,15,532299,0,0,2,HI
15007,15,532411,0,0,1,HI
15007,15,532412,0,0,1,HI
15007,15,532490,24,1417,8,HI
15007,15,54----,928,58628,151,HI
15007,15,541110,59,2660,20,HI
15007,15,541191,0,0,1,HI
15007,15,541199,0,0,1,HI
15007,15,541211,30,1665,12,HI
15007,15,541213,33,508,6,HI
15007,15,541214,0,0,2,HI
15007,15,541219,56,1854,16,HI
15007,15,541310,18,877,9,HI
15007,15,541330,42,2300,13,HI
15007,15,541350,0,0,1,HI
15007,15,541370,0,0,1,HI
15007,15,541430,0,0,1,HI
15007,15,541511,12,698,7,HI
15007,15,541512,0,0,10,HI
15007,15,541513,0,0,5,HI
15007,15,541519,0,0,1,HI
15007,15,541611,22,565,8,HI
15007,15,541613,2,166,5,HI
15007,15,541614,0,0,1,HI
15007,15,541620,0,0,2,HI
15007,15,541690,10,427,4,HI
15007,15,541711,0,0,1,HI
15007,15,541712,0,0,2,HI
15007,15,541820,0,0,1,HI
15007,15,541840,0,0,1,HI
15007,15,541890,0,0,2,HI
15007,15,541921,19,424,10,HI
15007,15,541922,0,0,1,HI
15007,15,541940,48,2009,5,HI
15007,15,541990,0,0,2,HI
15007,15,55----,115,5069,6,HI
15007,15,551114,115,5069,6,HI
15007,15,56----,1929,63242,136,HI
15007,15,561110,0,0,2,HI
15007,15,561210,0,0,1,HI
15007,15,561320,67,2759,5,HI
15007,15,561330,0,0,4,HI
15007,15,561431,0,0,1,HI
15007,15,561440,0,0,1,HI
15007,15,561510,16,576,4,HI
15007,15,561520,92,2106,7,HI
15007,15,561591,0,0,2,HI
15007,15,561599,320,9006,8,HI
15007,15,561611,0,0,1,HI
15007,15,561612,0,0,1,HI
15007,15,561613,0,0,2,HI
15007,15,561710,41,2237,4,HI
15007,15,561720,276,5685,29,HI
15007,15,561730,308,9592,46,HI
15007,15,561740,0,0,2,HI
15007,15,561790,4,155,4,HI
15007,15,561990,19,827,3,HI
15007,15,562111,0,0,4,HI
15007,15,562212,9,325,3,HI
15007,15,562920,0,0,2,HI
15007,15,61----,222,6338,31,HI
15007,15,611110,149,4563,8,HI
15007,15,611430,0,0,2,HI
15007,15,611610,14,134,3,HI
15007,15,611620,46,1289,9,HI
15007,15,611691,0,0,1,HI
15007,15,611699,5,72,5,HI
15007,15,611710,5,197,3,HI
15007,15,62----,3239,178537,179,HI
15007,15,621111,350,39450,27,HI
15007,15,621112,24,1166,5,HI
15007,15,621210,189,9330,30,HI
15007,15,621310,13,464,8,HI
15007,15,621320,27,1311,7,HI
15007,15,621330,42,979,10,HI
15007,15,621340,33,1304,6,HI
15007,15,621399,7,152,6,HI
15007,15,621420,23,481,8,HI
15007,15,621491,0,0,1,HI
15007,15,621492,0,0,2,HI
15007,15,621498,0,0,2,HI
15007,15,621511,0,0,2,HI
15007,15,621610,154,3868,7,HI
15007,15,621910,0,0,2,HI
15007,15,622110,0,0,2,HI
15007,15,622310,0,0,1,HI
15007,15,623110,0,0,3,HI
15007,15,623311,0,0,1,HI
15007,15,623312,0,0,2,HI
15007,15,623990,0,0,1,HI
15007,15,624110,0,0,2,HI
15007,15,624120,201,4776,6,HI
15007,15,624190,160,5167,7,HI
15007,15,624210,15,403,3,HI
15007,15,624221,0,0,2,HI
15007,15,624229,0,0,3,HI
15007,15,624310,44,849,4,HI
15007,15,624410,118,2532,19,HI
15007,15,71----,1060,30320,57,HI
15007,15,711110,0,0,2,HI
15007,15,711120,0,0,1,HI
15007,15,711130,0,0,2,HI
15007,15,711219,1,271,3,HI
15007,15,711510,25,370,5,HI
15007,15,712110,45,1018,4,HI
15007,15,712120,0,0,2,HI
15007,15,712130,207,6600,4,HI
15007,15,713120,0,0,1,HI
15007,15,713910,179,5479,5,HI
15007,15,713930,0,0,1,HI
15007,15,713940,269,8990,5,HI
15007,15,713950,0,0,2,HI
15007,15,713990,212,5774,20,HI
15007,15,72----,9011,292317,273,HI
15007,15,721110,4803,208116,46,HI
15007,15,721191,0,0,2,HI
15007,15,721199,10,989,5,HI
15007,15,721214,0,0,1,HI
15007,15,722310,0,0,1,HI
15007,15,722320,52,1147,5,HI
15007,15,722330,9,231,5,HI
15007,15,722410,14,336,4,HI
15007,15,722511,2857,59685,100,HI
15007,15,722513,954,16514,75,HI
15007,15,722515,246,3734,29,HI
15007,15,81----,913,29115,179,HI
15007,15,811111,76,2823,17,HI
15007,15,811121,44,1930,7,HI
15007,15,811122,0,0,1,HI
15007,15,811191,0,0,1,HI
15007,15,811192,0,0,1,HI
15007,15,811212,0,0,1,HI
15007,15,811213,0,0,1,HI
15007,15,811310,6,214,3,HI
15007,15,811411,0,0,1,HI
15007,15,811412,0,0,1,HI
15007,15,811420,0,0,1,HI
15007,15,811490,0,0,2,HI
15007,15,812112,121,2860,14,HI
15007,15,812199,0,0,3,HI
15007,15,812210,0,0,2,HI
15007,15,812220,0,0,1,HI
15007,15,812310,0,0,1,HI
15007,15,812320,0,0,3,HI
15007,15,812331,0,0,2,HI
15007,15,812910,0,0,1,HI
15007,15,812930,0,0,2,HI
15007,15,812990,10,401,7,HI
15007,15,813110,162,3672,38,HI
15007,15,813211,0,0,2,HI
15007,15,813212,0,0,1,HI
15007,15,813219,0,0,1,HI
15007,15,813312,0,0,7,HI
15007,15,813319,10,546,4,HI
15007,15,813410,39,890,5,HI
15007,15,813910,10,383,3,HI
15007,15,813930,35,1003,4,HI
15007,15,813990,233,8971,41,HI
15007,15,99----,3,60,3,HI
15009,15,------,64146,2509664,4618,HI
15009,15,11----,0,0,1,HI
15009,15,115114,0,0,1,HI
15009,15,22----,486,46942,16,HI
15009,15,221112,0,0,4,HI
15009,15,221210,0,0,1,HI
15009,15,221310,95,5246,8,HI
15009,15,221320,0,0,3,HI
15009,15,23----,3805,228213,505,HI
15009,15,236115,338,16544,69,HI
15009,15,236117,0,0,4,HI
15009,15,236118,235,11458,74,HI
15009,15,236220,287,21235,25,HI
15009,15,237110,111,6895,6,HI
15009,15,237130,44,2324,3,HI
15009,15,237210,29,1842,7,HI
15009,15,237310,0,0,4,HI
15009,15,237990,0,0,2,HI
15009,15,238110,58,2358,10,HI
15009,15,238120,80,6097,4,HI
15009,15,238130,133,7494,7,HI
15009,15,238140,34,1672,7,HI
15009,15,238150,105,5423,10,HI
15009,15,238160,76,3267,14,HI
15009,15,238170,0,0,2,HI
15009,15,238190,0,0,2,HI
15009,15,238210,381,28257,50,HI
15009,15,238220,1109,70097,70,HI
15009,15,238290,0,0,1,HI
15009,15,238310,84,4736,13,HI
15009,15,238320,96,4458,22,HI
15009,15,238330,32,1570,11,HI
15009,15,238340,32,1057,12,HI
15009,15,238350,121,7201,26,HI
15009,15,238390,13,743,4,HI
15009,15,238910,146,8071,21,HI
15009,15,238990,165,8405,25,HI
15009,15,31----,1146,49085,117,HI
15009,15,311314,0,0,1,HI
15009,15,311340,0,0,2,HI
15009,15,311352,0,0,3,HI
15009,15,311412,0,0,1,HI
15009,15,311421,12,94,3,HI
15009,15,311513,0,0,1,HI
15009,15,311611,28,830,3,HI
15009,15,311612,0,0,1,HI
15009,15,311811,48,1276,7,HI
15009,15,311812,0,0,6,HI
15009,15,311821,0,0,1,HI
15009,15,311919,0,0,1,HI
15009,15,311920,33,607,4,HI
15009,15,311942,0,0,2,HI
15009,15,311991,18,356,5,HI
15009,15,312111,0,0,1,HI
15009,15,312112,0,0,1,HI
15009,15,312120,0,0,1,HI
15009,15,312130,0,0,1,HI
15009,15,312140,0,0,2,HI
15009,15,314910,0,0,2,HI
15009,15,314999,0,0,1,HI
15009,15,315240,7,113,4,HI
15009,15,315990,0,0,1,HI
15009,15,321214,0,0,1,HI
15009,15,321918,0,0,1,HI
15009,15,323111,37,1811,6,HI
15009,15,323113,0,0,2,HI
15009,15,324121,0,0,1,HI
15009,15,325311,0,0,1,HI
15009,15,325314,0,0,1,HI
15009,15,325611,0,0,1,HI
15009,15,325620,16,820,4,HI
15009,15,326199,0,0,1,HI
15009,15,327110,0,0,2,HI
15009,15,327212,0,0,2,HI
15009,15,327215,0,0,1,HI
15009,15,327320,0,0,2,HI
15009,15,327331,0,0,1,HI
15009,15,327390,0,0,1,HI
15009,15,332321,0,0,1,HI
15009,15,332323,0,0,1,HI
15009,15,332710,0,0,1,HI
15009,15,332999,0,0,1,HI
15009,15,333314,0,0,1,HI
15009,15,334511,0,0,1,HI
15009,15,337110,13,437,5,HI
15009,15,337122,0,0,1,HI
15009,15,339116,0,0,1,HI
15009,15,339910,17,346,8,HI
15009,15,339920,11,526,5,HI
15009,15,339950,10,508,6,HI
15009,15,339992,0,0,1,HI
15009,15,339993,0,0,1,HI
15009,15,42----,1425,71477,161,HI
15009,15,423120,6,332,3,HI
15009,15,423220,0,0,1,HI
15009,15,423310,42,1732,4,HI
15009,15,423320,0,0,3,HI
15009,15,423330,0,0,2,HI
15009,15,423390,0,0,1,HI
15009,15,423440,0,0,2,HI
15009,15,423450,0,0,1,HI
15009,15,423510,0,0,1,HI
15009,15,423610,30,1968,3,HI
15009,15,423690,0,0,2,HI
15009,15,423710,0,0,1,HI
15009,15,423720,43,2320,4,HI
15009,15,423730,10,583,3,HI
15009,15,423740,0,0,1,HI
15009,15,423810,46,2679,4,HI
15009,15,423820,0,0,1,HI
15009,15,423830,0,0,1,HI
15009,15,423840,0,0,1,HI
15009,15,423910,52,1767,9,HI
15009,15,423930,0,0,1,HI
15009,15,423940,8,260,3,HI
15009,15,423990,0,0,2,HI
15009,15,424120,26,1129,4,HI
15009,15,424130,0,0,2,HI
15009,15,424210,12,430,4,HI
15009,15,424320,6,402,3,HI
15009,15,424330,11,305,7,HI
15009,15,424410,0,0,3,HI
15009,15,424420,0,0,2,HI
15009,15,424430,0,0,2,HI
15009,15,424450,43,1110,3,HI
15009,15,424460,55,2162,5,HI
15009,15,424480,114,4078,7,HI
15009,15,424490,88,2968,14,HI
15009,15,424690,0,0,3,HI
15009,15,424710,72,6634,5,HI
15009,15,424720,0,0,3,HI
15009,15,424810,145,7480,4,HI
15009,15,424820,55,3488,3,HI
15009,15,424910,0,0,2,HI
15009,15,424920,0,0,1,HI
15009,15,424930,12,294,5,HI
15009,15,424940,0,0,1,HI
15009,15,424990,25,906,9,HI
15009,15,425120,32,1438,15,HI
15009,15,44----,9699,292933,786,HI
15009,15,441110,455,29121,11,HI
15009,15,441120,41,2320,5,HI
15009,15,441222,0,0,1,HI
15009,15,441228,0,0,1,HI
15009,15,441310,153,5251,15,HI
15009,15,441320,102,3321,9,HI
15009,15,442110,58,2858,13,HI
15009,15,442210,98,3340,7,HI
15009,15,442299,71,1485,11,HI
15009,15,443141,0,0,2,HI
15009,15,443142,60,1649,12,HI
15009,15,444110,0,0,3,HI
15009,15,444120,34,1294,7,HI
15009,15,444130,113,2843,8,HI
15009,15,444190,91,4303,14,HI
15009,15,444210,0,0,1,HI
15009,15,444220,53,1438,8,HI
15009,15,445110,2018,61363,47,HI
15009,15,445120,233,6309,26,HI
15009,15,445220,0,0,2,HI
15009,15,445230,0,0,1,HI
15009,15,445291,0,0,4,HI
15009,15,445292,0,0,2,HI
15009,15,445299,12,570,3,HI
15009,15,445310,12,319,5,HI
15009,15,446110,255,10262,24,HI
15009,15,446120,97,1612,6,HI
15009,15,446130,115,1722,14,HI
15009,15,446191,33,505,6,HI
15009,15,446199,0,0,1,HI
15009,15,447110,456,12766,33,HI
15009,15,447190,37,869,4,HI
15009,15,448110,118,1796,10,HI
15009,15,448120,203,3599,33,HI
15009,15,448130,14,259,3,HI
15009,15,448140,822,11701,66,HI
15009,15,448150,97,2780,17,HI
15009,15,448190,166,3024,28,HI
15009,15,448210,98,2118,18,HI
15009,15,448310,265,10077,64,HI
15009,15,448320,0,0,2,HI
15009,15,451110,263,4508,30,HI
15009,15,451120,42,935,5,HI
15009,15,451130,21,271,3,HI
15009,15,451140,22,669,4,HI
15009,15,451211,0,0,1,HI
15009,15,451212,0,0,1,HI
15009,15,452111,0,0,2,HI
15009,15,452112,699,23144,3,HI
15009,15,452910,0,0,1,HI
15009,15,452990,73,1468,10,HI
15009,15,453110,28,687,12,HI
15009,15,453210,0,0,3,HI
15009,15,453220,361,8989,66,HI
15009,15,453310,115,2239,11,HI
15009,15,453910,0,0,3,HI
15009,15,453920,111,5020,27,HI
15009,15,453930,0,0,2,HI
15009,15,453991,0,0,2,HI
15009,15,453998,132,5245,14,HI
15009,15,454111,43,2087,15,HI
15009,15,454210,0,0,1,HI
15009,15,454310,0,0,4,HI
15009,15,454390,48,1055,19,HI
15009,15,48----,3337,117812,153,HI
15009,15,481111,573,18892,14,HI
15009,15,481112,0,0,1,HI
15009,15,481211,0,0,1,HI
15009,15,481219,0,0,1,HI
15009,15,483113,0,0,1,HI
15009,15,483114,0,0,2,HI
15009,15,484110,55,2338,7,HI
15009,15,484121,0,0,2,HI
15009,15,484210,76,2388,5,HI
15009,15,484220,179,11973,15,HI
15009,15,484230,0,0,1,HI
15009,15,485310,0,0,2,HI
15009,15,485320,92,2009,6,HI
15009,15,485410,41,647,5,HI
15009,15,485999,0,0,3,HI
15009,15,487110,308,9943,8,HI
15009,15,487210,716,20643,39,HI
15009,15,487990,143,9460,5,HI
15009,15,488119,427,6158,5,HI
15009,15,488190,0,0,2,HI
15009,15,488320,53,3981,4,HI
15009,15,488410,40,1198,4,HI
15009,15,488510,17,742,4,HI
15009,15,492110,139,6063,7,HI
15009,15,492210,45,1105,5,HI
15009,15,493110,0,0,3,HI
15009,15,493190,0,0,1,HI
15009,15,51----,610,30736,66,HI
15009,15,511110,0,0,4,HI
15009,15,511120,30,1367,11,HI
15009,15,511130,0,0,2,HI
15009,15,511210,21,1576,3,HI
15009,15,512110,2,59,3,HI
15009,15,512131,77,1087,4,HI
15009,15,512210,0,0,1,HI
15009,15,512230,0,0,1,HI
15009,15,512240,0,0,1,HI
15009,15,515111,0,0,1,HI
15009,15,515112,17,355,3,HI
15009,15,515120,0,0,2,HI
15009,15,517110,173,12968,11,HI
15009,15,517210,113,5398,12,HI
15009,15,518210,16,599,4,HI
15009,15,519130,0,0,3,HI
15009,15,52----,806,40422,150,HI
15009,15,522110,217,9062,28,HI
15009,15,522120,108,4717,12,HI
15009,15,522130,156,7791,15,HI
15009,15,522291,0,0,1,HI
15009,15,522292,53,2816,10,HI
15009,15,522298,0,0,3,HI
15009,15,522310,14,648,5,HI
15009,15,522320,0,0,1,HI
15009,15,522390,11,381,5,HI
15009,15,523120,0,0,10,HI
15009,15,523910,0,0,2,HI
15009,15,523920,25,2090,5,HI
15009,15,523930,20,2574,5,HI
15009,15,523991,0,0,1,HI
15009,15,524114,0,0,2,HI
15009,15,524126,0,0,1,HI
15009,15,524127,37,2565,8,HI
15009,15,524210,100,4286,35,HI
15009,15,524291,0,0,1,HI
15009,15,53----,2025,86104,317,HI
15009,15,531110,132,4273,31,HI
15009,15,531120,45,2962,16,HI
15009,15,531130,25,978,6,HI
15009,15,531190,0,0,3,HI
15009,15,531210,474,27137,112,HI
15009,15,531311,357,12898,32,HI
15009,15,531312,37,1439,10,HI
15009,15,531320,25,1154,11,HI
15009,15,531390,18,917,9,HI
15009,15,532111,577,21584,29,HI
15009,15,532120,0,0,1,HI
15009,15,532210,0,0,2,HI
15009,15,532220,0,0,1,HI
15009,15,532230,0,0,1,HI
15009,15,532291,0,0,3,HI
15009,15,532292,85,3308,18,HI
15009,15,532299,69,1895,11,HI
15009,15,532490,113,4734,21,HI
15009,15,54----,1597,91639,413,HI
15009,15,541110,187,9870,63,HI
15009,15,541191,0,0,1,HI
15009,15,541211,166,7715,32,HI
15009,15,541213,72,1199,15,HI
15009,15,541214,0,0,1,HI
15009,15,541219,59,1572,25,HI
15009,15,541310,57,2338,20,HI
15009,15,541320,13,615,5,HI
15009,15,541330,153,12651,26,HI
15009,15,541340,2,29,3,HI
15009,15,541350,6,181,4,HI
15009,15,541370,30,1310,8,HI
15009,15,541380,0,0,2,HI
15009,15,541410,10,488,6,HI
15009,15,541430,28,1051,13,HI
15009,15,541490,10,175,3,HI
15009,15,541511,206,14350,21,HI
15009,15,541512,46,3193,13,HI
15009,15,541513,0,0,1,HI
15009,15,541519,31,1593,7,HI
15009,15,541611,38,3160,24,HI
15009,15,541612,0,0,2,HI
15009,15,541613,15,774,14,HI
15009,15,541618,0,0,1,HI
15009,15,541620,0,0,2,HI
15009,15,541690,10,362,7,HI
15009,15,541712,93,7121,10,HI
15009,15,541720,0,0,1,HI
15009,15,541810,12,499,5,HI
15009,15,541820,0,0,1,HI
15009,15,541840,0,0,2,HI
15009,15,541850,0,0,1,HI
15009,15,541860,0,0,1,HI
15009,15,541890,58,1336,5,HI
15009,15,541910,0,0,3,HI
15009,15,541921,158,3735,38,HI
15009,15,541922,19,493,8,HI
15009,15,541940,79,12112,11,HI
15009,15,541990,8,697,8,HI
15009,15,55----,80,4814,14,HI
15009,15,551112,0,0,2,HI
15009,15,551114,80,4738,12,HI
15009,15,56----,4469,139097,295,HI
15009,15,561110,28,342,5,HI
15009,15,561311,0,0,1,HI
15009,15,561312,0,0,1,HI
15009,15,561320,210,4379,4,HI
15009,15,561330,599,24165,5,HI
15009,15,561410,6,150,3,HI
15009,15,561422,0,0,1,HI
15009,15,561431,7,223,5,HI
15009,15,561439,0,0,3,HI
15009,15,561440,0,0,3,HI
15009,15,561499,0,0,2,HI
15009,15,561510,121,5616,22,HI
15009,15,561520,138,4481,23,HI
15009,15,561591,0,0,2,HI
15009,15,561599,262,10902,13,HI
15009,15,561611,0,0,2,HI
15009,15,561612,371,9858,12,HI
15009,15,561613,0,0,1,HI
15009,15,561621,23,1233,6,HI
15009,15,561622,20,1612,4,HI
15009,15,561710,125,5224,9,HI
15009,15,561720,1024,23242,47,HI
15009,15,561730,789,22556,75,HI
15009,15,561740,15,413,6,HI
15009,15,561790,46,1786,14,HI
15009,15,561920,11,502,4,HI
15009,15,561990,75,3293,8,HI
15009,15,562111,0,0,4,HI
15009,15,562212,0,0,1,HI
15009,15,562910,0,0,1,HI
15009,15,562920,113,2242,4,HI
15009,15,562991,30,1744,3,HI
15009,15,562998,0,0,1,HI
15009,15,61----,836,27098,71,HI
15009,15,611110,661,21763,27,HI
15009,15,611430,0,0,2,HI
15009,15,611519,9,349,5,HI
15009,15,611610,38,1254,4,HI
15009,15,611620,97,2429,23,HI
15009,15,611691,0,0,5,HI
15009,15,611699,3,105,4,HI
15009,15,611710,0,0,1,HI
15009,15,62----,6280,340086,421,HI
15009,15,621111,983,87241,112,HI
15009,15,621112,10,489,6,HI
15009,15,621210,436,23220,63,HI
15009,15,621310,27,1027,16,HI
15009,15,621320,42,1596,8,HI
15009,15,621330,74,2479,17,HI
15009,15,621340,141,6168,23,HI
15009,15,621391,0,0,2,HI
15009,15,621399,9,303,10,HI
15009,15,621410,0,0,1,HI
15009,15,621420,53,1686,5,HI
15009,15,621491,0,0,5,HI
15009,15,621492,0,0,8,HI
15009,15,621493,45,2819,3,HI
15009,15,621498,73,5408,7,HI
15009,15,621511,0,0,5,HI
15009,15,621512,0,0,4,HI
15009,15,621610,124,5728,10,HI
15009,15,621910,0,0,3,HI
15009,15,621999,0,0,1,HI
15009,15,622110,0,0,2,HI
15009,15,623110,0,0,2,HI
15009,15,623210,0,0,2,HI
15009,15,623220,0,0,11,HI
15009,15,623312,0,0,1,HI
15009,15,624110,178,6100,15,HI
15009,15,624120,278,5741,7,HI
15009,15,624190,389,12087,21,HI
15009,15,624210,0,0,2,HI
15009,15,624221,0,0,2,HI
15009,15,624229,71,2473,6,HI
15009,15,624310,195,3754,5,HI
15009,15,624410,215,3710,36,HI
15009,15,71----,2234,60582,132,HI
15009,15,711110,495,15631,6,HI
15009,15,711120,20,199,3,HI
15009,15,711130,0,0,2,HI
15009,15,711219,2,249,5,HI
15009,15,711310,0,0,2,HI
15009,15,711320,39,1006,8,HI
15009,15,711410,0,0,2,HI
15009,15,711510,28,1306,23,HI
15009,15,712110,17,351,4,HI
15009,15,712120,0,0,1,HI
15009,15,712130,138,4016,4,HI
15009,15,712190,0,0,2,HI
15009,15,713120,0,0,3,HI
15009,15,713910,603,20615,10,HI
15009,15,713940,239,3010,18,HI
15009,15,713950,0,0,1,HI
15009,15,713990,279,8127,38,HI
15009,15,72----,22460,793466,536,HI
15009,15,721110,11975,544056,83,HI
15009,15,721191,19,390,6,HI
15009,15,721199,32,782,11,HI
15009,15,721214,0,0,1,HI
15009,15,721310,0,0,1,HI
15009,15,722310,306,7455,6,HI
15009,15,722320,31,788,10,HI
15009,15,722330,23,339,6,HI
15009,15,722410,115,2840,20,HI
15009,15,722511,7251,189489,184,HI
15009,15,722513,1884,33209,127,HI
15009,15,722514,0,0,1,HI
15009,15,722515,819,13995,80,HI
15009,15,81----,2831,88904,459,HI
15009,15,811111,130,5162,33,HI
15009,15,811113,0,0,2,HI
15009,15,811121,140,5639,19,HI
15009,15,811122,0,0,2,HI
15009,15,811191,0,0,3,HI
15009,15,811192,18,630,5,HI
15009,15,811198,0,0,2,HI
15009,15,811212,10,168,3,HI
15009,15,811213,0,0,1,HI
15009,15,811219,0,0,1,HI
15009,15,811310,23,627,10,HI
15009,15,811412,0,0,2,HI
15009,15,811420,22,477,5,HI
15009,15,811490,0,0,2,HI
15009,15,812112,108,2602,32,HI
15009,15,812113,3,49,3,HI
15009,15,812199,40,638,13,HI
15009,15,812210,0,0,3,HI
15009,15,812220,0,0,1,HI
15009,15,812310,16,486,4,HI
15009,15,812320,0,0,2,HI
15009,15,812331,0,0,1,HI
15009,15,812332,294,8020,4,HI
15009,15,812910,12,362,3,HI
15009,15,812930,64,1309,11,HI
15009,15,812990,89,3998,16,HI
15009,15,813110,376,8885,64,HI
15009,15,813211,0,0,2,HI
15009,15,813212,52,3022,4,HI
15009,15,813219,0,0,3,HI
15009,15,813311,0,0,1,HI
15009,15,813312,134,4177,17,HI
15009,15,813319,23,413,6,HI
15009,15,813410,24,689,8,HI
15009,15,813910,19,904,4,HI
15009,15,813920,0,0,1,HI
15009,15,813930,116,2565,6,HI
15009,15,813990,794,28606,160,HI
15009,15,99----,18,250,5,HI
15999,15,------,22592,921711,207,HI
15999,15,23----,0,0,2,HI
15999,15,237110,0,0,1,HI
15999,15,237210,0,0,1,HI
15999,15,42----,251,24674,38,HI
15999,15,423220,0,0,1,HI
15999,15,423330,0,0,1,HI
15999,15,423420,0,0,1,HI
15999,15,423430,0,0,3,HI
15999,15,423440,0,0,1,HI
15999,15,423450,31,3149,6,HI
15999,15,423460,0,0,1,HI
15999,15,423490,0,0,1,HI
15999,15,423690,15,2511,5,HI
15999,15,424130,0,0,1,HI
15999,15,424210,63,8653,12,HI
15999,15,424450,0,0,1,HI
15999,15,424490,0,0,2,HI
15999,15,424690,0,0,1,HI
15999,15,425120,0,0,1,HI
15999,15,44----,0,0,4,HI
15999,15,448110,0,0,1,HI
15999,15,448140,0,0,1,HI
15999,15,454113,0,0,2,HI
15999,15,48----,0,0,2,HI
15999,15,484121,0,0,1,HI
15999,15,493110,0,0,1,HI
15999,15,51----,170,13279,18,HI
15999,15,511140,0,0,1,HI
15999,15,511210,82,11370,8,HI
15999,15,512110,0,0,1,HI
15999,15,517110,0,0,3,HI
15999,15,517210,7,603,3,HI
15999,15,518210,0,0,1,HI
15999,15,519130,0,0,1,HI
15999,15,52----,383,33156,35,HI
15999,15,522110,18,2209,7,HI
15999,15,522291,0,0,1,HI
15999,15,522292,0,0,1,HI
15999,15,522310,0,0,1,HI
15999,15,522320,0,0,1,HI
15999,15,523110,0,0,1,HI
15999,15,523930,0,0,1,HI
15999,15,524113,77,5738,6,HI
15999,15,524114,0,0,6,HI
15999,15,524126,5,546,3,HI
15999,15,524210,20,1400,4,HI
15999,15,524291,0,0,1,HI
15999,15,524292,0,0,1,HI
15999,15,524298,0,0,1,HI
15999,15,53----,0,0,2,HI
15999,15,531390,0,0,1,HI
15999,15,532411,0,0,1,HI
15999,15,54----,515,38303,50,HI
15999,15,541213,0,0,1,HI
15999,15,541214,0,0,4,HI
15999,15,541330,0,0,6,HI
15999,15,541511,122,8378,8,HI
15999,15,541512,72,8617,10,HI
15999,15,541513,17,2009,3,HI
15999,15,541519,13,885,3,HI
15999,15,541611,0,0,1,HI
15999,15,541612,0,0,4,HI
15999,15,541613,0,0,1,HI
15999,15,541614,0,0,1,HI
15999,15,541690,0,0,2,HI
15999,15,541712,0,0,3,HI
15999,15,541850,0,0,1,HI
15999,15,541890,0,0,1,HI
15999,15,541921,0,0,1,HI
15999,15,55----,0,0,4,HI
15999,15,551114,0,0,4,HI
15999,15,56----,20917,801415,41,HI
15999,15,561320,0,0,15,HI
15999,15,561330,11440,430576,15,HI
15999,15,561410,0,0,2,HI
15999,15,561439,0,0,1,HI
15999,15,561510,0,0,4,HI
15999,15,561720,0,0,1,HI
15999,15,561990,12,674,3,HI
15999,15,61----,255,3716,6,HI
15999,15,611310,0,0,4,HI
15999,15,611519,0,0,1,HI
15999,15,611691,0,0,1,HI
15999,15,62----,0,0,1,HI
15999,15,621999,0,0,1,HI
15999,15,81----,43,2375,4,HI
15999,15,811212,0,0,2,HI
15999,15,811310,0,0,1,HI
15999,15,813212,0,0,1,HI
