fips,emp,ap,est
1001,27538,795458,2549
1003,171167,5370195,15697
1005,15463,499735,1356
1007,7668,293190,870
1009,15844,491296,2024
1011,3716,112112,321
1013,14360,440705,1227
1015,93912,2997973,6974
1017,14920,468744,1638
1019,9212,274080,1083
1021,18923,601277,2213
1023,5533,224247,753
1025,17158,542333,1782
1027,8488,266257,570
1029,3158,114619,480
1031,33394,1051512,2955
1033,54621,2042843,3684
1035,5446,174374,564
1037,1831,65817,279
1039,24342,760219,2423
1041,7398,243525,642
1043,64797,2223558,5185
1045,23182,954205,2217
1047,25145,818397,2212
1049,44938,1513632,3271
1051,34680,1126108,3500
1053,24555,816300,2192
1055,81056,2606612,5917
1057,7578,230828,942
1059,22526,730126,1567
1061,9407,265026,1221
1063,2700,89063,331
1065,4104,148147,539
1067,6059,210722,894
1069,114269,4243498,8106
1071,31205,980236,2537
1073,911086,44821771,49424
1075,7104,249927,719
1077,68357,1992044,6087
1079,7631,193409,1160
1081,119414,3671608,8173
1083,43162,1508374,4114
1085,3680,152191,308
1087,9580,394283,600
1089,443664,22044032,24964
1091,14001,490146,1400
1093,18471,563174,1593
1095,83378,2630209,5410
1097,440345,18439224,26201
1099,12373,478453,1176
1101,288355,11896284,16761
1103,114021,4572703,7715
1105,3438,96286,351
1107,6467,200197,796
1109,26674,976005,1939
1111,8818,237947,987
1113,27625,880129,2341
1115,43278,1465188,3842
1117,227631,10861540,15383
1119,5202,177512,588
1121,56897,2330781,3685
1123,26025,774454,2218
1125,210097,7864674,12249
1127,37837,1242624,3661
1129,10374,763846,630
1131,3883,151228,539
1133,14444,424505,1342
1999,169335,5333527,1497
2013,2422,96849,165
2016,10370,410547,345
2020,429034,26050978,26379
2050,7161,287644,782
2060,940,121180,231
2068,911,97848,312
2070,2338,141824,267
2090,74588,3759314,7397
2100,1301,57906,423
2105,442,21437,222
2110,29780,1436594,3449
2122,41617,2089017,6308
2130,13116,727731,1805
2150,15165,518261,1445
2164,563,40077,174
2170,48955,2298934,6608
2180,4671,221561,522
2185,8134,638467,471
2188,2904,204722,243
2195,2409,113184,516
2198,2229,87839,443
2220,6845,323851,1124
2230,843,69625,351
2240,2400,133637,501
2261,6591,441549,1483
2270,1336,31351,228
2275,919,33237,272
2282,221,9444,84
2290,774,32507,287
2999,4960,387669,354
4001,17693,620174,1325
4003,71974,2566813,6446
4005,140342,5083963,10936
4007,31585,1330994,2981
4009,15942,538725,1427
4011,4717,261323,257
4012,9722,260224,1020
4013,4815786,230490437,273631
4015,119102,3831396,11084
4017,52343,1827753,5188
4019,921295,35225583,60514
4021,129925,4410695,10453
4023,30688,1004774,3484
4025,169842,5751120,17458
4027,116134,3718105,8884
4999,309118,11849017,2025
5001,21124,813155,1530
5003,13947,566185,1148
5005,32358,1087738,3098
5007,282244,13777565,18176
5009,29597,1036756,2632
5011,6445,177101,762
5013,807,27857,177
5015,20269,608938,2085
5017,4369,140453,619
5019,16328,495251,1497
5021,5689,163209,862
5023,13671,380749,1688
5025,1079,35458,221
5027,17312,621326,1672
5029,10828,378314,1236
5031,114403,4100671,7437
5033,45836,1474378,3182
5035,36481,1106713,2474
5037,9028,276670,1028
5039,5544,154238,567
5041,8143,260614,903
5043,11552,359601,1226
5045,92537,3328468,7563
5047,7574,250859,834
5049,3223,77160,480
5051,88777,2795702,8132
5053,7212,229526,810
5055,32938,1137890,2333
5057,14012,414530,1129
5059,14184,481522,1443
5061,12739,403884,854
5063,32590,1131663,2355
5065,4851,136293,681
5067,9382,307704,948
5069,51251,1750880,3985
5071,16213,471485,1178
5073,1581,49638,308
5075,6892,194714,852
5077,1897,64890,353
5079,3138,96369,486
5081,5818,271135,507
5083,9497,294953,1119
5085,29329,878072,3129
5087,5338,159308,561
5089,6049,164846,618
5091,27103,986269,2204
5093,34461,1357473,2368
5095,4038,117288,564
5097,1836,55078,392
5099,3864,118986,359
5101,1700,38313,265
5103,18372,678749,1499
5105,1878,44494,306
5107,9908,293390,1184
5109,4162,107668,618
5111,8876,282859,1081
5113,11467,327968,1307
5115,56917,1896639,4717
5117,2110,55767,444
5119,596260,26596837,36221
5121,7978,217072,957
5123,13028,377265,1305
5125,57989,1746385,5658
5127,4035,118399,408
5129,2219,47898,330
5131,164238,6469053,10101
5133,7801,235870,765
5135,6280,153265,939
5137,4677,122306,666
5139,41858,1946962,3255
5141,7646,239543,978
5143,245758,9962625,15927
5145,54814,1769164,4616
5147,2654,96146,390
5149,11040,338041,899
5999,60470,1569932,1116
6001,1948710,133146964,117590
6003,618,10158,105
6005,20315,694069,2467
6007,170369,6445833,13869
6009,16841,553903,2722
6011,9830,391951,1111
6013,951061,62179723,70685
6015,9718,304689,1203
6017,120580,5289005,13301
6019,733235,30222740,49815
6021,12128,513226,1400
6023,95729,3313837,9496
6025,89626,2904948,7553
6027,12652,439652,1525
6029,547860,23826545,38143
6031,60998,2378311,4785
6033,24747,864979,3252
6035,8933,290895,1192
6037,11547256,633287844,807572
6039,67467,2742290,5841
6041,291927,18588880,29843
6043,7077,203034,885
6045,64857,2319171,7306
6047,115063,4399836,9106
6049,2496,80921,449
6051,17513,494020,1743
6053,312562,13968617,25856
6055,173546,8701977,12623
6057,75981,2997148,9029
6059,4376188,248492729,283884
6061,406098,19977989,31147
6063,9306,383991,1759
6065,1636812,63630513,111967
6067,1360358,70908559,87323
6069,29432,1220095,2891
6071,1716173,71427811,103321
6073,3689776,204535248,249184
6075,1855656,177945984,102770
6077,512760,22005970,33691
6079,255277,10281221,24651
6081,1086157,117315176,63499
6083,426931,21074422,34879
6085,2996993,338230461,144647
6087,223025,10107590,21063
6089,140685,5578602,12432
6091,427,15837,204
6093,21864,730399,3210
6095,313860,15387091,20931
6097,488369,24416966,41598
6099,396506,17475447,26575
6101,57368,2336097,5161
6103,30938,1202468,2920
6105,3746,123456,731
6107,265295,10154831,18888
6109,31693,1225659,3850
6111,743100,37395702,62678
6113,170839,7915893,12213
6115,24097,956724,2402
6999,2045502,127279720,3549
8001,466772,22091971,28314
8003,13628,434801,1446
8005,859870,50044757,55350
8007,8813,234511,1503
8009,981,29399,251
8011,887,27169,156
8013,431331,24671128,37174
8014,110815,7210599,6086
8015,15415,483244,2717
8017,1165,54992,186
8019,5981,175698,1013
8021,1546,48381,339
8023,530,10491,135
8025,765,24345,96
8027,1344,42668,405
8029,16454,488189,2456
8031,1300343,77661948,74910
8033,465,16483,144
8035,307420,17946482,26977
8037,88132,3359550,10240
8039,6549,249750,1783
8041,690810,30646132,51265
8043,20098,596993,2544
8045,54732,2559499,7213
8047,13597,525932,360
8049,20235,582643,2494
8051,18027,550369,3308
8053,233,8340,198
8055,2483,74435,468
8057,472,16625,204
8059,544705,25246777,51107
8061,326,11759,113
8063,5267,165707,808
8065,2970,75380,630
8067,56584,2276649,7118
8069,362033,16118752,31713
8071,7771,217537,1083
8073,3162,104164,407
8075,13109,429488,1717
8077,145215,5682197,13081
8079,507,18104,195
8081,7140,287531,1205
8083,17325,586130,2258
8085,31395,1130481,3745
8087,22041,883055,1990
8089,10180,309491,1230
8091,2793,93905,819
8093,3557,123042,1352
8095,2358,82798,414
8097,48174,1843510,4814
8099,7541,219030,1046
8101,131992,4831219,9253
8103,3959,241736,630
8105,6394,197731,1001
8107,43616,1548456,5048
8109,2275,62442,374
8111,551,12668,207
8113,13387,433201,1881
8115,808,22028,215
8117,57213,1710175,6752
8119,14411,467852,2154
8121,1231,41298,331
8123,234237,11050021,17752
8125,6683,231036,1135
8999,348987,23782180,2199
9001,1235461,101509526,81343
9003,1339345,79031417,68347
9005,147973,6063941,14277
9007,170517,7912995,12619
9009,1002790,49774869,58765
9011,280349,13158521,17583
9013,76834,2965664,7369
9015,81226,3094938,6169
9999,79468,5019961,1620
10001,141945,5314289,10258
10003,789856,46726557,48134
10005,191766,7024245,16793
10999,21432,1032996,861
11001,1564866,117863472,69447
12001,269640,10455091,18335
12003,13090,413844,1148
12005,171181,5723959,13878
12007,9904,278974,1290
12009,503525,21556210,41760
12011,2055646,95526517,180555
12013,3918,100721,552
12015,104534,3464752,11644
12017,81850,2720962,8192
12019,109971,3601497,11411
12021,363643,15018951,35084
12023,50271,1847352,3959
12027,12908,425680,1397
12029,3740,108738,536
12031,1272839,61051802,75626
12033,298675,11868954,20423
12035,47018,1458585,6210
12037,5570,155036,938
12039,20220,704278,1988
12041,3768,119803,686
12043,1597,52540,336
12045,5978,177950,858
12047,3635,120231,507
12049,9362,293619,1151
12051,15098,505997,1737
12053,91017,2827580,9529
12055,55064,1682569,5738
12057,1735950,85856899,109553
12059,4651,116650,753
12061,120491,4395614,12740
12063,23092,692070,2301
12065,3607,98588,708
12067,1453,38878,291
12069,234563,7792054,21390
12071,610656,23659912,54415
12073,279208,10986265,22791
12075,15048,441802,2166
12077,2487,80409,255
12079,6826,191763,923
12081,277286,9928459,26176
12083,224168,7624340,20998
12085,160353,6051969,16379
12086,2898456,136767629,251584
12087,91454,3032976,11445
12089,47041,1612124,5532
12091,171893,6480946,15836
12093,17675,590138,2372
12095,2084687,91567016,110342
12097,214633,6824760,17992
12099,1518704,71429064,142757
12101,278400,9601751,28115
12103,1092233,47927553,84316
12105,520847,20605157,34576
12107,32155,1032462,3738
12109,167409,6021542,18162
12111,162899,5452894,16611
12113,67397,2247328,7862
12115,416847,17600599,40996
12117,485482,20862383,39918
12119,52714,1836722,4358
12121,20084,591687,2037
12123,11042,397961,1208
12125,3716,122082,404
12127,407909,13978382,37799
12129,8230,219320,1320
12131,54733,1884696,6469
12133,8926,267544,1133
12999,3723858,187016961,3729
13001,12988,491928,1092
13003,2609,88364,261
13005,6225,195200,681
13007,264,9695,75
13009,32252,1029151,2400
13011,7840,200340,852
13013,39648,1346820,3512
13015,79376,3072721,5891
13017,10877,343755,938
13019,7299,213344,744
13021,201789,7803492,12356
13023,3433,93946,504
13025,2771,77752,565
13027,4747,140235,621
13029,15628,451230,1913
13031,46690,1342900,4292
13033,12666,707672,957
13035,10082,307804,1068
13037,1214,38150,219
13039,20819,600792,2406
13043,5381,138881,645
13045,87711,3312053,6088
13047,29239,894582,2727
13049,3791,109627,447
13051,387143,15482444,23173
13053,3622,168156,332
13055,10763,296491,915
13057,142044,5080589,15444
13059,128486,4656365,9037
13061,396,10319,114
13063,201638,7407245,11248
13065,2653,82226,381
13067,968474,52487032,60508
13069,32862,1048150,2499
13071,26959,856293,2697
13073,78447,2684976,6680
13075,7564,216217,945
13077,84534,3016407,7154
13079,1236,42788,293
13081,16046,507493,1530
13083,6339,203929,651
13085,16880,409213,1812
13087,15421,497266,1762
13089,780390,40455504,50432
13091,7742,204440,941
13093,4476,135812,495
13095,97562,3518195,6826
13097,101894,3478469,7557
13099,6182,264099,635
13101,164,6459,78
13103,18476,672375,2112
13105,11816,383654,1306
13107,12149,359251,1142
13109,8353,255458,654
13111,13640,367150,1824
13113,113822,4428454,10342
13115,87580,3182617,5879
13117,203845,9584303,18507
13119,15952,514323,1311
13121,2321207,162410175,107764
13123,14264,387883,1642
13125,250,5932,72
13127,84356,2815167,7594
13129,54190,2053665,3073
13131,10539,327672,1227
13133,10564,375499,1269
13135,957605,47301458,69416
13137,28251,891877,2501
13139,200637,8639518,12613
13141,957,32138,201
13143,13294,490167,1304
13145,9688,244562,1235
13147,12449,429713,1182
13149,2388,101485,380
13151,138782,4560783,10778
13153,101489,3337733,7510
13155,2974,97176,360
13157,50777,1857269,3766
13159,3290,94883,477
13161,8154,246462,729
13163,8800,299795,912
13165,2015,52408,318
13167,1888,54420,350
13169,6455,192716,957
13171,6537,192164,711
13173,1831,51168,267
13175,39175,1354121,3145
13177,9303,321092,1186
13179,30291,1090698,2470
13181,1929,56030,398
13183,644,14599,194
13185,110694,3454314,8247
13187,12049,352800,1523
13189,16173,478728,1297
13191,2970,64247,537
13193,3707,128450,513
13195,5437,149296,1059
13197,2068,55196,267
13199,8074,279041,903
13201,2119,65094,342
13205,12489,325125,1060
13207,14513,469480,1484
13209,1729,44150,302
13211,14035,437453,1444
13213,20566,687366,1199
13215,211564,8506146,12868
13217,46787,1828398,4166
13219,28946,1043118,3353
13221,2338,75417,522
13223,50031,1571810,5661
13225,14673,562486,1392
13227,15794,542253,2087
13229,7898,245584,1018
13231,3985,124246,762
13233,23161,778676,1776
13235,4148,151707,521
13237,10114,292867,1275
13239,332,7626,108
13241,10487,315914,1425
13243,2858,88484,390
13245,245486,10170521,12960
13247,77781,2999099,5916
13249,1224,51085,201
13251,5400,157881,611
13253,3317,104151,585
13255,43066,1429123,3410
13257,18204,586864,1631
13259,1006,31651,189
13261,20450,600253,1874
13263,867,31661,180
13265,62,1654,54
13267,7427,235127,886
13269,2283,91542,363
13271,4654,114278,539
13273,3516,112434,511
13275,40396,1670562,3335
13277,40682,1354335,3061
13279,23020,765216,2006
13281,6571,161915,788
13283,1393,37635,258
13285,83088,3553488,4247
13287,3235,94597,453
13289,1934,59641,207
13291,13936,443092,1639
13293,13689,454720,1357
13295,23172,794285,1996
13297,43007,1515119,4803
13299,28554,967024,2556
13301,1700,63652,204
13303,12095,463279,1029
13305,14375,477579,1653
13307,425,17919,78
13309,1331,42409,192
13311,15470,466208,1809
13313,135757,5472761,6560
13315,1081,28884,251
13317,4743,144468,570
13319,4739,218724,390
13321,6339,205921,764
13999,458714,17175780,2505
15001,157724,5817299,12091
15003,1057660,47708174,64177
15005,0,0,6
15007,75210,2861408,6258
15009,184298,7128842,13849
15999,57120,2325947,621
16001,558676,25278704,39523
16003,1060,34654,300
16005,67212,2130635,6048
16007,2092,57767,366
16009,4517,160980,705
16011,24047,840264,2528
16013,29867,1167112,4233
16015,1507,37341,471
16017,31026,1045274,4524
16019,126941,5139221,10347
16021,5959,198032,1100
16023,1130,36827,168
16025,271,7871,93
16027,137539,4516160,11935
16029,6453,432374,558
16031,19187,621508,1963
16033,125,3329,48
16035,4201,158825,693
16037,1573,51674,495
16039,10401,308089,1301
16041,4987,150034,896
16043,3806,125235,879
16045,6103,163462,1076
16047,6529,226912,1068
16049,8380,321856,1401
16051,9283,299871,1464
16053,15654,576605,1614
16055,137759,5096885,13968
16057,23589,668646,2660
16059,4029,110293,830
16061,1813,51803,357
16063,974,32984,267
16065,32271,766223,2625
16067,11580,436595,1224
16069,43495,1602999,3323
16071,1512,38164,257
16073,3304,94937,564
16075,11946,402884,1499
16077,4051,149606,510
16079,9600,395898,1062
16081,6046,236736,1386
16083,80712,2602921,7748
16085,8667,259873,1778
16087,4187,124760,622
16999,28264,1041786,915
17001,80393,3085849,5402
17003,1764,64396,273
17005,7726,256344,951
17007,35170,1440602,2543
17009,4293,184940,318
17011,23713,924431,2229
17013,1195,27174,260
17015,8515,293922,1187
17017,10305,356591,704
17019,186316,7458405,12524
17021,20112,645045,2101
17023,9458,317053,999
17025,12256,463731,1120
17027,24246,741089,2601
17029,47991,1626467,3561
17031,7169097,433880377,399268
17033,15584,610772,1250
17035,4575,124450,561
17037,71450,2626759,5865
17039,10359,458255,1121
17041,16252,572969,1767
17043,1761677,103388148,101758
17045,14511,568152,1069
17047,3199,108642,429
17049,52981,1913567,3656
17051,10860,308769,1392
17053,9796,356014,1068
17055,15516,478641,2159
17057,16509,456326,1878
17059,1476,48044,294
17061,4394,155844,653
17063,38739,1932566,3374
17065,3239,103629,613
17067,6748,241464,1141
17069,1593,45209,192
17071,1561,44857,339
17073,34118,1158728,3181
17075,15277,500246,2058
17077,43463,1421583,3909
17079,3736,140027,655
17081,44362,1655929,2940
17083,10417,295650,1271
17085,16198,558436,2125
17087,3010,57583,506
17089,524127,23141524,38035
17091,94276,3491484,6973
17093,64376,2185650,6469
17095,39592,1147729,3098
17097,926988,66357249,59414
17099,101079,3888902,7915
17101,7548,256871,773
17103,24963,955198,2104
17105,27398,1018284,2607
17107,18498,571773,1718
17109,22027,618292,2028
17111,245207,10548803,23962
17113,202589,9815815,10742
17115,118146,4972103,7318
17117,20930,655340,2582
17119,238302,9778057,17323
17121,27699,954648,2700
17123,6635,219478,791
17125,5526,181093,823
17127,7550,288785,686
17129,3194,94473,635
17131,5189,168516,824
17133,21611,721610,2349
17135,17855,538860,2088
17137,31672,1115028,2497
17139,11983,457992,953
17141,31482,1220563,3142
17143,251149,12515442,13279
17145,9192,282481,1208
17147,5957,199850,978
17149,7712,234609,1082
17151,445,8394,141
17153,1286,34107,252
17155,2420,124069,384
17157,26040,880766,2029
17159,12702,430685,1365
17161,164247,8073726,9404
17163,217632,7963889,15771
17165,17089,597251,1722
17167,238390,9514382,14894
17169,2297,73177,443
17171,1046,35718,231
17173,9642,317023,1229
17175,2121,80117,375
17177,36556,1477855,3185
17179,111431,4223576,8416
17181,9495,244110,1077
17183,62670,2441513,4232
17185,6480,229628,787
17187,12166,389833,1091
17189,12622,475351,1129
17191,7547,212697,1127
17193,8180,281375,1154
17195,42485,1464326,3654
17197,623536,26770936,44736
17199,63663,2282642,4881
17201,332223,13701476,19320
17203,22490,814728,2336
17999,676722,23166806,2607
18001,26783,920007,2168
18003,495661,20264400,27375
18005,112323,4712798,5501
18007,3222,107835,522
18009,6347,213515,711
18011,54647,2064893,4365
18013,5616,135607,1050
18015,7930,258499,1154
18017,32699,1040016,2111
18019,127720,4696477,7306
18021,14549,444338,1437
18023,22980,791996,1800
18025,2472,66639,392
18027,26294,874410,2690
18029,31833,1067952,2751
18031,26765,1078344,1872
18033,50334,2249820,2928
18035,110465,3720417,7303
18037,68146,2866661,3845
18039,356350,16134895,14566
18041,14299,459562,1350
18043,68615,2623631,5343
18045,8299,266060,908
18047,9676,310392,1310
18049,11615,381912,1356
18051,43207,1916892,2139
18053,65756,2331840,3826
18055,11885,347836,1692
18057,383582,19688549,25959
18059,48743,1954450,4217
18061,20812,648418,2015
18063,154716,5528611,9596
18065,28676,884337,2481
18067,82152,3217571,5327
18069,29931,947078,2597
18071,48923,2001635,2958
18073,23057,782756,2253
18075,13287,461374,1188
18077,27868,939197,1983
18079,15088,530045,1235
18081,129877,4511965,9282
18083,34317,1221102,2648
18085,98648,4856561,5843
18087,34126,1453151,2468
18089,465620,19946114,29832
18091,91922,3403192,6880
18093,29185,1027457,2671
18095,92377,3163327,6785
18097,1532758,76396837,69728
18099,41662,1471218,3136
18101,4996,200431,570
18103,16324,533841,1730
18105,134496,4873349,9097
18107,30867,1193587,2527
18109,31176,1112824,3563
18111,5457,173224,732
18113,37624,1345870,2568
18115,1428,37605,248
18117,13601,474158,1149
18119,6956,205371,896
18121,5368,154272,757
18123,12767,442901,1080
18125,4514,165610,589
18127,147635,6271659,10588
18129,20907,1103112,1553
18131,7976,302728,914
18133,26643,892979,2094
18135,13433,483754,1406
18137,22593,906434,1903
18139,8142,270634,1079
18141,322089,13086883,17393
18143,14603,472872,1151
18145,37912,1540288,2779
18147,10540,427652,1184
18149,6895,212816,894
18151,33079,1065449,2880
18153,8745,308124,999
18155,2340,69573,374
18157,176607,7210696,10706
18159,7720,262947,920
18161,2029,56006,332
18163,276918,11392140,14984
18165,7164,359877,808
18167,113676,3977808,7413
18169,25105,839166,2180
18171,2987,100769,374
18173,35984,1524611,3397
18175,11097,336153,1375
18177,63073,2270616,4411
18179,24617,829229,1865
18181,16838,572046,1770
18183,25148,939845,2016
18999,276285,11475065,1950
19001,3720,113307,571
19003,2152,88340,318
19005,9434,310380,1208
19007,8544,265082,890
19009,2698,88727,573
19011,11131,384015,1675
19013,180904,6385049,9561
19015,16839,574494,1698
19017,22280,869330,1824
19019,12971,455658,1462
19021,20269,699045,1661
19023,6086,193559,984
19025,5403,175167,844
19027,25117,880628,2595
19029,11867,392639,1421
19031,11114,362990,1392
19033,52623,1983060,4257
19035,8118,293626,1017
19037,9292,349540,1229
19039,6959,233198,545
19041,17770,621963,1809
19043,13307,448765,1581
19045,45942,1629289,3404
19047,14832,513028,1293
19049,98033,4716500,5849
19051,3323,112105,531
19053,2947,74477,399
19055,14332,538191,1450
19057,50053,1859767,3357
19059,18432,650267,2330
19061,144790,5819520,8275
19063,7366,226763,942
19065,13913,424580,1669
19067,10765,382241,1251
19069,7127,265130,970
19071,4424,145172,554
19073,6907,231000,819
19075,7905,319505,893
19077,5812,191755,942
19079,10751,419246,1143
19081,8248,319320,912
19083,14088,536826,1703
19085,8068,266618,1056
19087,19473,686499,1533
19089,7138,218982,785
19091,8236,323143,936
19093,6735,286079,738
19095,19377,708883,1421
19097,11693,353756,1598
19099,19415,617989,2229
19101,16306,593395,2066
19103,173807,7229807,9832
19105,10931,344509,1490
19107,3967,126903,705
19109,14362,555208,1661
19111,36172,1349988,2662
19113,329564,15075416,16396
19115,6438,226416,635
19117,5102,181341,533
19119,8367,299135,1170
19121,6861,219713,1122
19123,15090,564969,1644
19125,38191,1532190,2435
19127,32850,1241899,2405
19129,5508,167781,893
19131,7559,252469,938
19133,4964,150503,696
19135,5115,180824,549
19137,8329,272393,891
19139,47187,1988004,2814
19141,13144,403870,1526
19143,3587,131415,579
19145,12594,431600,1212
19147,6727,212413,849
19149,24619,981254,2136
19151,4211,141464,654
19153,759674,38430176,37922
19155,82259,2804589,5900
19157,19179,729350,1595
19159,2412,69688,420
19161,5579,194409,965
19163,222779,8860054,13199
19165,12043,442112,1157
19167,48108,1798765,3843
19169,86924,3370532,6087
19171,10155,320785,969
19173,3744,136966,414
19175,11807,383140,1004
19177,3409,122238,456
19179,34836,1188490,2236
19181,21533,743157,2503
19183,16989,565629,2082
19185,3010,100967,456
19187,42967,1690430,3032
19189,14340,544515,1003
19191,19909,667212,1854
19193,123282,4396749,8003
19195,3634,118981,528
19197,9836,423606,1151
19999,56567,3052537,1179
20001,9872,320264,1146
20003,3489,103566,605
20005,12314,374257,1052
20007,3061,107349,602
20009,26198,912509,2859
20011,11106,342749,1038
20013,7319,241203,796
20015,35050,1184224,4001
20017,973,32115,197
20019,903,24407,192
20021,10933,390186,975
20023,1142,35450,314
20025,723,27419,182
20027,5215,160857,801
20029,6801,201158,915
20031,5452,279627,717
20033,956,20538,206
20035,26900,909060,2237
20037,33667,1043365,2775
20039,1287,33523,312
20041,12065,357109,1339
20043,3166,117831,467
20045,105296,3123642,8132
20047,1353,48065,252
20049,599,12356,201
20051,31760,1043141,3338
20053,3988,132323,522
20055,36659,1270982,2971
20057,33101,1198515,2318
20059,18994,742287,1724
20061,20080,597422,1743
20063,2096,66662,387
20065,1243,39683,293
20067,5318,220137,642
20069,3138,123581,672
20071,493,18743,120
20073,2425,74159,536
20075,1098,34769,204
20077,4132,135333,616
20079,32111,1072610,2280
20081,1535,58927,348
20083,340,11458,138
20085,7066,191645,767
20087,5256,187822,917
20089,854,21333,237
20091,933786,50193055,53524
20093,1067,36422,255
20095,3985,135091,653
20097,1569,50399,298
20099,16824,566823,1360
20101,534,19448,195
20103,37583,1402626,3669
20105,1023,27748,261
20107,2830,103090,594
20109,1630,51827,348
20111,28770,893928,2495
20113,33987,1364136,2682
20115,5492,146612,863
20117,9539,335919,1097
20119,1851,65276,363
20121,16680,610652,2119
20123,6015,189319,774
20125,29443,1014651,2405
20127,2577,78692,390
20129,1388,51491,270
20131,12061,452600,1125
20133,12162,403611,1337
20135,2060,74319,409
20137,3776,126805,552
20139,4116,99350,740
20141,2463,74785,438
20143,1803,51816,387
20145,4094,146202,453
20147,3734,129333,704
20149,19887,721133,1820
20151,8439,299242,1161
20153,1434,53693,317
20155,59041,2081124,4844
20157,2955,79595,564
20159,5829,191306,819
20161,56733,1710209,4824
20163,3215,99096,564
20165,2163,72279,296
20167,4443,134599,770
20169,69818,2462593,4534
20171,3525,110586,615
20173,655043,28349814,36471
20175,17890,632810,1667
20177,221627,9353219,12637
20179,1373,54263,321
20181,4820,160149,767
20183,2086,55185,417
20185,1425,44955,414
20187,875,31238,198
20189,4363,150619,464
20191,11054,373467,1441
20193,7147,238717,1025
20195,1523,43725,390
20197,1898,53964,396
20199,522,17330,168
20201,3710,96819,633
20203,811,31606,239
20205,7835,315255,645
20207,1004,22671,252
20209,182293,8499244,9503
20999,77450,2916641,1482
21001,8484,223285,903
21003,7133,219613,746
21005,8241,271204,982
21007,2884,115425,372
21009,36183,1139186,2630
21011,2646,79057,420
21013,16744,494416,1422
21015,211586,8873626,9254
21017,11570,463603,1196
21019,57003,2394177,4054
21021,33220,1060933,2153
21023,1547,44244,281
21025,5928,170251,721
21027,6058,179572,912
21029,50421,1668699,3314
21031,4162,126007,552
21033,8648,240926,860
21035,33979,984066,2469
21037,65187,2254225,4987
21039,1424,38668,279
21041,12468,660073,699
21043,10949,284605,1323
21045,7669,200882,650
21047,59501,2039623,4066
21049,29919,1087228,2234
21051,6027,167204,681
21053,6982,173252,567
21055,4491,120827,476
21057,2243,62943,323
21059,110635,4098725,7001
21061,1896,51517,366
21063,687,17292,144
21065,3696,105058,554
21067,453459,18984593,26279
21069,4776,145805,696
21071,23593,788550,2388
21073,43365,1639181,3502
21075,3221,94827,347
21077,1496,39026,281
21079,3462,115447,659
21081,9500,309747,1145
21083,22982,726116,1990
21085,14935,441435,1470
21087,2894,81291,465
21089,12523,454462,1518
21091,6642,403267,384
21093,93450,3227414,6830
21095,10659,357282,1195
21097,9250,346757,852
21099,10112,302694,863
21101,41326,1552454,2958
21103,5187,143415,624
21105,1883,58222,219
21107,35211,1345369,3028
21109,1552,50350,284
21111,1201320,57948849,59372
21113,37337,1289132,3284
21115,9482,301851,1197
21117,140948,6656693,9307
21119,3253,89384,491
21121,19837,502391,1352
21123,4305,137441,694
21125,56960,1771935,3465
21127,5670,178650,615
21129,2635,54225,268
21131,2540,77618,338
21133,8368,269464,968
21135,3105,85462,371
21137,6716,189557,924
21139,4337,201802,417
21141,15685,609238,1530
21143,3002,81431,481
21145,91290,3508505,6219
21147,3795,87306,470
21149,2687,86707,504
21151,58700,1950280,4994
21153,2662,68261,475
21155,19096,653370,1079
21157,24762,1095041,1963
21159,4090,154487,480
21161,16197,543348,1283
21163,8271,282902,1127
21165,882,28972,174
21167,12022,470165,1050
21169,2405,71274,357
21171,5697,166133,609
21173,23908,734715,1670
21175,4082,128282,462
21177,15605,496600,1725
21179,37491,1361087,2879
21181,915,25339,234
21183,15603,468265,1121
21185,32380,1195970,3665
21187,2549,72543,366
21189,782,18878,153
21191,3485,112355,501
21193,22080,768994,1835
21195,44414,1704634,3737
21197,3681,97477,513
21199,53075,1785651,4072
21201,258,6294,66
21203,5442,152959,617
21205,18383,547721,1524
21207,10652,308536,1016
21209,52235,2631380,2815
21211,43832,1411667,2921
21213,16214,601650,1181
21215,2776,71264,648
21217,20685,619428,1838
21219,3728,103506,593
21221,5048,143008,734
21223,1157,46983,216
21225,7993,282433,750
21227,141678,5451612,8946
21229,6218,212569,768
21231,8913,293546,818
21233,4496,180331,640
21235,22751,723185,1837
21237,1334,34622,243
21239,16683,660834,1631
21999,121186,3024582,1419
22001,32050,960996,3264
22003,7919,244701,925
22005,103330,5345675,6711
22007,6403,250184,741
22009,22124,662770,2100
22011,17218,610306,1805
22013,7255,252041,692
22015,103916,3255496,7429
22017,290218,11821520,18798
22019,212168,9171555,13605
22021,4380,119007,521
22023,2789,237325,434
22025,2863,81785,478
22027,6135,205011,708
22029,9170,295735,1088
22031,10419,459122,1264
22033,696565,32997215,36764
22035,2438,81164,350
22037,7270,266349,732
22039,15356,464718,1515
22041,8954,230162,1110
22043,3248,99787,497
22045,62612,2756608,4905
22047,27995,2115708,1647
22049,5467,188760,720
22051,545377,23558676,35386
22053,17581,586630,1987
22055,366823,15823282,25195
22057,73620,3303362,5316
22059,7386,246532,945
22061,40738,1313133,3253
22063,58728,2050594,5266
22065,6126,164527,588
22067,13907,373865,1317
22069,27615,891379,2411
22071,504765,22497503,27916
22073,176951,6381060,12686
22075,25698,1649100,2043
22077,9484,315809,1020
22079,130565,4789424,9389
22081,4339,175571,384
22083,12685,388737,1230
22085,10498,332887,1427
22087,20141,771118,2042
22089,52534,3362750,2955
22091,2718,88798,336
22093,15318,985619,944
22095,41551,1980930,2162
22097,57707,2071237,4851
22099,30808,1203153,2742
22101,51060,2422001,3818
22103,228111,9753442,19030
22105,96722,3411929,7092
22107,1015,32962,237
22109,136328,6356301,8723
22111,8495,240404,1016
22113,26171,889220,3005
22115,20469,692698,2103
22117,23899,722594,1889
22119,25609,911391,2359
22121,28148,1311660,1646
22123,3847,109852,516
22125,5985,250458,570
22127,9608,351701,864
22999,129323,7465222,1596
23001,117123,4498165,8235
23003,58039,1969683,5866
23005,493960,23617211,33938
23007,21094,640445,2480
23009,44310,1783395,6734
23011,132534,4972484,9663
23013,37707,1400026,5272
23015,23279,849098,4202
23017,37599,1224168,4001
23019,161887,6091816,12424
23021,10693,333378,1288
23023,27061,1099478,2753
23025,34080,1294686,3564
23027,22270,864374,2982
23029,18403,605293,2524
23031,148828,5774485,16650
23999,8787,562002,870
24001,63357,2131720,4626
24003,681939,38251166,42549
24005,946280,46048686,59657
24009,49178,2054126,5194
24011,16205,606638,1837
24013,139612,5379106,12677
24015,61877,2599644,5280
24017,95426,3464650,7882
24019,22464,800159,2067
24021,255246,12099599,18376
24023,24732,802463,2676
24025,200318,8467547,16429
24027,514776,31663531,28109
24029,17541,583489,1813
24031,1257204,80266286,82171
24033,752173,34930868,45107
24035,31130,1121318,4161
24037,84115,4218123,5810
24039,9144,322758,1082
24041,45021,1680700,4321
24043,159299,5896679,10204
24045,97387,3710721,7404
24047,50050,1725885,6379
24510,859145,51923650,37637
24999,120185,7734951,1740
25001,220865,9728766,25762
25003,144148,6081310,11677
25005,578142,25548576,38374
25007,15138,877988,3255
25009,845257,42636497,56088
25011,52787,2083889,4743
25013,488715,21403082,29000
25015,165634,5621156,10869
25017,2645605,199990440,132278
25019,12428,884160,3039
25021,1019080,56087430,60271
25023,488984,22394099,37360
25025,1809917,152183939,63531
25027,877392,42114686,54113
25999,153921,10094032,1953
26001,2741,85839,510
26003,3846,148512,690
26005,91660,3899308,6850
26007,24422,821812,2339
26009,8937,281782,1618
26011,7418,252757,996
26013,3893,123093,539
26015,25236,924276,2704
26017,82625,3105597,6576
26019,8980,271855,1334
26021,137980,5306201,10556
26023,27828,974034,2433
26025,135810,6090713,7659
26027,18544,619314,2167
26029,19895,809642,2344
26031,11720,412738,2202
26033,21707,640663,2415
26035,14851,481286,1690
26037,41610,1518065,3927
26039,7964,284076,909
26041,29143,978386,3056
26043,30291,1318594,2511
26045,101885,4677904,6275
26047,38463,1498160,4503
26049,341255,13655346,23040
26051,9525,316702,1201
26053,9537,267387,1136
26055,121270,4974398,10225
26057,24186,851229,2206
26059,25321,907779,2253
26061,22131,694034,2514
26063,26818,970584,2809
26065,297073,13058905,18303
26067,27687,933630,2665
26069,15101,471627,1847
26071,5881,183509,1054
26073,59356,1967239,4123
26075,131874,5789256,8687
26077,295165,13469149,16674
26079,8235,342718,1011
26081,1043926,47163317,49025
26083,393,11909,180
26085,2439,62605,480
26087,48458,1669561,4915
26089,12218,497555,2253
26091,61135,2179057,5410
26093,143052,5580998,12953
26095,3513,115774,512
26097,5184,286097,1320
26099,873419,42243913,56672
26101,14236,502688,1687
26103,56140,2097045,4874
26105,21921,787967,2194
26107,22601,743731,2146
26109,12095,407804,1376
26111,85231,4577477,6042
26113,5612,176298,891
26115,98043,4017286,6849
26117,31983,1097737,2984
26119,3480,114176,608
26121,138891,5372662,9337
26123,22256,726814,2407
26125,2050191,121810396,116690
26127,12325,392931,1475
26129,12996,399036,1641
26131,2141,57927,482
26133,14375,546419,1272
26135,3132,94997,527
26137,22062,755346,2262
26139,298625,12262809,18020
26141,5294,162233,961
26143,12001,322012,1616
26145,214812,8384026,12766
26147,118207,4385208,9285
26149,48038,1805520,3481
26151,20696,692183,2441
26153,4225,141942,708
26155,33525,1112425,3377
26157,21043,723574,2471
26159,41769,1524580,3905
26161,435210,23725096,24335
26163,1857435,98485100,96466
26165,29873,1038057,2517
26999,382835,13092567,2025
27001,7540,229201,1199
27003,319297,14313672,23240
27005,26560,914840,2796
27007,37033,1229503,3508
27009,37764,1495721,2699
27011,3653,126972,570
27013,96640,3449474,5868
27015,33577,1242894,2315
27017,19653,721334,2129
27019,102888,4958945,7546
27021,17649,527083,2459
27023,11623,395547,1160
27025,34583,1396012,3735
27027,44681,1543433,3949
27029,4932,229898,633
27031,5041,159891,833
27033,9723,302568,1038
27035,69702,2544165,6533
27037,507738,24533042,31570
27039,10631,439423,1242
27041,47633,1841505,4041
27043,10014,345498,1245
27045,11930,395334,1797
27047,27565,974087,2341
27049,48931,1875932,3932
27051,3335,112988,596
27053,2628380,164249662,120816
27055,9708,289998,1278
27057,11001,367813,1725
27059,21491,762886,2503
27061,35920,1289010,3489
27063,10300,363051,935
27065,6631,257279,876
27067,51327,1836868,4221
27069,2820,92692,429
27071,8362,263727,1176
27073,3790,116385,612
27075,6706,230538,894
27077,3113,86918,476
27079,17450,710915,2106
27081,3386,87945,633
27083,30569,1150016,2421
27085,39120,1578112,2931
27087,2573,77444,303
27089,3749,154708,779
27091,18865,708772,1904
27093,15971,575269,1695
27095,20571,607197,2086
27097,20502,671683,2611
27099,34204,1350023,2536
27101,5463,179782,920
27103,28288,1067688,1973
27105,21594,746573,1802
27107,2753,101990,549
27109,203742,9021474,10718
27111,48707,1659643,5015
27113,20365,778867,1191
27115,17278,453410,1847
27117,7645,248482,1016
27119,23421,783410,2304
27121,8607,337318,1108
27123,900313,49550189,40589
27125,1377,43009,309
27127,13801,466690,1574
27129,11641,426048,1399
27131,61579,2165317,4625
27133,6303,202560,792
27135,15213,532498,1244
27137,251576,10308041,16010
27139,116293,5503885,10010
27141,58785,2345708,6114
27143,7655,257373,1050
27145,221990,9436242,13279
27147,45820,1924124,3013
27149,10202,358997,942
27151,7045,228783,911
27153,14071,499366,1631
27155,1748,51997,369
27157,13229,455748,1655
27159,9625,335000,1205
27161,11892,444644,1380
27163,222941,9096633,17597
27165,8575,260560,881
27167,3354,119051,466
27169,60299,2268143,3467
27171,99852,3940950,9847
27173,7040,256005,984
27999,193670,12036026,1884
28001,25185,822315,2383
28003,28378,933642,2313
28005,3206,101652,513
28007,9550,319514,1022
28009,1559,42855,159
28011,22445,709584,2151
28013,5722,159346,753
28015,1394,35910,327
28017,13717,387869,967
28019,2197,91349,333
28021,3635,158537,303
28023,6426,207430,675
28025,9774,315662,1058
28027,15347,501985,1592
28029,13696,381840,1300
28031,9206,290939,975
28033,140307,4480051,8440
28035,84619,3267632,5597
28037,2423,82346,365
28039,8427,264744,938
28041,1812,64973,342
28043,17839,577949,1650
28045,23242,928230,2151
28047,210924,7511383,12567
28049,283080,12516131,15762
28051,4645,117545,711
28053,2665,73672,407
28055,57,1715,27
28057,13495,425750,1104
28059,113013,4983276,6796
28061,6489,260611,610
28063,1174,37315,158
28065,2965,84922,455
28067,62021,2265915,3909
28069,2733,117622,365
28071,44495,1473925,3638
28073,46035,1289133,4001
28075,78242,2630950,5755
28077,4025,171290,483
28079,7768,212658,839
28081,127406,4548794,7302
28083,30402,940823,2108
28085,26809,909724,2405
28087,54555,2045996,4487
28089,136602,5688338,9027
28091,16915,557289,1681
28093,16487,526633,1241
28095,18006,704743,1870
28097,5591,147204,614
28099,18167,702499,1494
28101,8552,253870,995
28103,3896,118437,524
28105,32669,877126,2641
28107,19153,595464,1770
28109,20205,586437,2405
28111,3553,160601,425
28113,32934,949702,2824
28115,32151,1035542,1479
28117,13877,407969,1458
28119,1548,32834,312
28121,152403,5741982,10929
28123,28369,958399,1424
28125,1742,47415,371
28127,13632,373826,1241
28129,4825,162960,512
28131,7396,213163,810
28133,12642,392055,1316
28135,3372,105036,519
28137,9595,279049,1132
28139,11382,347619,1067
28141,11269,340804,1072
28143,20256,577965,611
28145,22849,802100,1520
28147,4732,137803,641
28149,41421,1562296,3035
28151,37032,1134894,3406
28153,10120,338273,1117
28155,3165,111057,465
28157,2728,75978,402
28159,11331,363807,1132
28161,5493,162443,544
28163,9886,309107,1157
28999,48005,1389222,1059
29001,18584,565626,1882
29003,4419,124957,931
29005,2962,84315,604
29007,16240,572338,1633
29009,31813,1093190,2213
29011,6046,171264,792
29013,6572,190461,1092
29015,5647,135240,1146
29017,3226,86979,637
29019,216931,8089752,13988
29021,112313,4466726,6822
29023,39296,1250400,3674
29025,2490,74588,428
29027,25976,921204,2212
29029,34960,1107226,4321
29031,101741,3633559,7299
29033,3759,109774,668
29035,2430,56078,527
29037,56129,1750333,5911
29039,5600,142998,842
29041,3175,95197,650
29043,40016,1181800,5278
29045,2277,52565,432
29047,265620,12808887,15230
29049,7241,224338,1133
29051,94181,3643686,6775
29053,9332,259508,1209
29055,13791,458847,1511
29057,2690,76840,422
29059,5545,101939,941
29061,2116,57753,446
29063,4521,139876,643
29065,7702,239615,1166
29067,4547,108563,608
29069,18576,465521,2343
29071,91334,3287077,7961
29073,10375,263107,1243
29075,3972,91978,576
29077,439792,17379340,25779
29079,6006,180812,734
29081,4610,112033,611
29083,16157,534511,1739
29085,1880,41410,455
29087,2046,68254,400
29089,4502,120023,609
29091,32176,959784,3352
29093,4142,124451,712
29095,972813,48261293,57307
29097,124676,4374860,8447
29099,115059,3965994,12145
29101,26530,753195,2818
29103,1233,28951,284
29105,28038,858618,2341
29107,16237,482455,2135
29109,17494,551228,2203
29111,4100,102015,557
29113,22924,800490,2741
29115,7483,224047,874
29117,11842,363339,1269
29119,11234,349496,932
29121,8670,244358,1054
29123,7392,186542,887
29125,2469,67408,393
29127,29888,1019500,2519
29129,871,20531,207
29131,16273,464456,2018
29133,5807,161238,800
29135,6644,194558,971
29137,3510,94459,567
29139,5313,168548,771
29141,8334,217379,1464
29143,15026,447447,1434
29145,51145,1852404,3649
29147,14727,429320,1425
29149,4151,83835,656
29151,7656,245309,816
29153,2197,45069,509
29155,9677,272262,1287
29157,22845,758863,1544
29159,42775,1395289,3126
29161,35356,1124608,3355
29163,10104,311401,1222
29165,106724,4383390,7163
29167,17533,679698,1779
29169,21052,604735,2144
29171,1343,39581,271
29173,5208,254604,601
29175,18727,613286,1767
29177,6964,213708,1080
29179,2591,84078,469
29181,6471,119261,1262
29183,370851,15174266,25590
29185,3052,74937,504
29186,11422,428313,1198
29187,48172,1447893,4616
29189,1725710,92164018,100464
29195,17482,529655,1451
29197,598,14769,204
29199,1566,41438,416
29201,35253,1180114,3366
29203,2809,61458,538
29205,2208,62095,491
29207,21839,736376,2138
29209,10898,331272,2060
29211,2873,96815,312
29213,69428,1952255,5495
29215,9909,268759,1575
29217,13319,407395,1563
29219,15365,521182,1731
29221,7814,211580,1112
29223,4030,83789,888
29225,13464,384181,1985
29227,406,9176,140
29229,8523,228801,1198
29510,611124,33764752,38286
29999,151846,6376371,1821
30001,5991,169791,1152
30003,5803,272571,633
30005,2051,78232,419
30007,1819,50693,444
30009,5244,138143,1223
30011,213,5913,99
30013,82377,2961417,7223
30015,1620,51257,465
30017,10307,320319,1272
30019,1022,39081,204
30021,6326,248064,999
30023,5950,221468,753
30025,2350,118252,450
30027,8038,275327,1328
30029,106693,4078152,12254
30031,127517,4886545,16332
30033,216,5387,75
30035,5373,189843,671
30037,97,1998,45
30039,1235,41601,312
30041,12620,408533,1560
30043,4537,161353,837
30045,408,12488,177
30047,13780,423443,2385
30049,68772,2728808,6723
30051,582,15063,218
30053,9882,281887,1774
30055,514,17936,153
30057,3536,124208,1073
30059,527,12234,212
30061,1617,37691,353
30063,139643,4995835,13148
30065,1753,69991,344
30067,13152,417166,2395
30069,34,432,36
30071,1816,46940,405
30073,2901,89432,528
30075,594,14793,213
30077,2150,66018,470
30079,239,5684,108
30081,24047,749409,4354
30083,14325,830360,1581
30085,4250,120892,642
30087,4158,174059,534
30089,5189,140954,1094
30091,2098,58945,506
30093,32355,1075414,3420
30095,4700,239998,803
30097,2027,84053,512
30099,2397,64911,636
30101,3442,122249,516
30103,62,1600,57
30105,5447,176848,821
30107,597,16300,165
30109,250,8074,108
30111,198530,8495666,16833
30999,21614,768439,756
31001,33667,1177047,2912
31003,3721,123675,690
31005,68,1912,33
31007,33,1220,21
31009,13,447,27
31011,3265,106927,609
31013,6841,226380,944
31015,846,23702,210
31017,1869,58054,393
31019,58891,2009729,4895
31021,2628,89949,618
31023,4455,162298,618
31025,9671,365944,1650
31027,4983,168386,908
31029,2650,92033,492
31031,3770,99060,678
31033,9528,406666,883
31035,2603,91270,555
31037,6120,223832,792
31039,6349,227427,1074
31041,6808,213924,1161
31043,26150,1013457,1310
31045,4930,140575,786
31047,23602,798358,2093
31049,590,16265,168
31051,1743,57544,320
31053,39475,1373226,3079
31055,915073,45229704,46807
31057,543,20581,177
31059,3991,141300,669
31061,868,27821,225
31063,942,30590,216
31065,3024,100713,492
31067,18089,561705,1995
31069,465,10141,158
31071,1275,33602,282
31073,372,12956,182
31075,178,3951,88
31077,705,21136,201
31079,77598,2749713,5642
31081,6385,253904,933
31083,1305,38114,315
31085,68,1934,50
31087,980,38684,198
31089,8613,275523,1279
31091,154,5084,96
31093,2367,71552,509
31095,5754,187665,713
31097,1754,53685,339
31099,3612,121534,509
31101,6511,193992,1030
31103,94,2015,66
31105,1832,72481,372
31107,3977,114268,770
31109,385945,15497999,25273
31111,30955,1046357,3160
31113,111,2978,66
31115,29,492,33
31117,22,531,21
31119,46195,1679848,3964
31121,3803,138058,697
31123,1379,51354,317
31125,1154,31159,303
31127,3294,89946,549
31129,2518,73412,539
31131,11914,358756,1398
31133,885,29911,192
31135,1946,74378,378
31137,8609,300996,990
31139,3725,123624,702
31141,38733,1468120,3048
31143,2243,61831,452
31145,9122,286242,1244
31147,4372,122066,802
31149,550,18728,158
31151,12532,504510,909
31153,147460,5871132,10791
31155,9980,322186,1608
31157,33892,1177140,3244
31159,13442,444894,1389
31161,2336,61161,507
31163,1163,31498,266
31165,35,1235,51
31167,2499,131094,345
31169,4077,135922,635
31171,244,7813,69
31173,2540,110570,353
31175,2834,90727,546
31177,16515,720379,1772
31179,7214,211191,722
31181,1353,40631,288
31183,224,3497,72
31185,15510,531299,1554
31999,254828,11349844,1062
32001,12987,450069,1437
32003,2511767,102944522,133617
32005,45615,1657167,4833
32007,55959,3027785,3329
32009,201,10852,36
32011,51,923,99
32013,14991,846776,1176
32015,2201,115967,282
32017,1315,34595,249
32019,24564,906390,2413
32021,1422,56821,180
32023,19732,729171,1985
32027,1843,93220,216
32029,1418,41218,264
32031,539959,23361339,36487
32033,6143,308316,555
32510,58166,2434687,5745
32999,93183,4560528,1431
33001,55967,2291838,5411
33003,44948,1530463,5625
33005,70939,2826377,5694
33007,24359,808070,2557
33009,128465,6262914,8528
33011,524235,27828682,32814
33013,179376,8015533,12143
33015,393921,19044543,28983
33017,102269,4484566,7858
33019,29064,1178491,2744
33999,71804,3886480,1179
34001,302537,11418185,18893
34003,1293022,76483417,94888
34005,522668,26930243,31309
34007,516171,24916412,34236
34009,77166,3006431,11518
34011,125243,4835440,8439
34013,837953,48402125,56249
34015,260159,10597574,17867
34017,633787,44085387,40132
34019,119534,7400006,11303
34021,525867,34195841,29010
34023,1139283,73990159,65454
34025,710862,34745641,57380
34027,861570,66721223,50093
34029,413412,15261262,38775
34031,419725,19588337,36319
34033,40849,1793482,3421
34035,536560,44733357,29897
34037,89298,3378100,9655
34039,578738,33989491,41204
34041,72561,3001187,7281
34999,397729,21007053,2262
35001,785907,32959600,47362
35003,621,14883,177
35005,43720,1455898,4192
35006,10838,336509,957
35007,9042,237102,1205
35009,34232,1018252,3204
35011,435,9442,141
35013,142832,4337150,10839
35015,61214,2950460,4284
35017,15225,479251,1806
35019,2400,60278,276
35021,47,930,39
35023,1990,43807,297
35025,64192,2969084,5044
35027,13269,361803,2029
35028,28058,2337925,1098
35029,10327,257666,1144
35031,44706,1338687,2971
35033,602,14374,132
35035,30658,915843,2886
35037,4735,118466,672
35039,14644,469635,1628
35041,8377,242857,987
35043,66826,2461163,5148
35045,101290,4195144,7951
35047,15859,388294,1353
35049,132633,5197270,14170
35051,5548,136622,651
35053,6625,174123,686
35055,23217,609881,3212
35057,3748,108340,657
35059,1820,50035,294
35061,27840,738056,2739
35999,23787,1160288,1014
36001,528614,25227210,28577
36003,27263,836720,2335
36005,759746,33517074,54045
36007,190001,7170907,12734
36009,56256,1957399,4874
36011,51055,1798912,4854
36013,109132,3510533,8636
36015,76590,2872686,5370
36017,32210,1307848,2772
36019,62500,2258754,5473
36021,42404,1622374,5345
36023,38080,1218142,3015
36025,25553,921838,3172
36027,264995,11230940,22728
36029,1214075,52354874,68351
36031,26302,972208,3527
36033,26430,880914,2875
36035,34435,1186137,3577
36037,42169,1434561,3882
36039,26538,848063,3440
36041,2172,68791,596
36043,30986,1032427,3333
36045,81666,2926183,7324
36047,1799992,72528647,172703
36049,11406,433145,1596
36051,35067,1080304,3699
36053,41222,1413436,4231
36055,1043363,45918399,53200
36057,35967,1266776,3242
36059,1651869,87852862,144677
36061,6710188,720698642,313707
36063,166463,5787744,13738
36065,232168,9016800,14702
36067,623515,26947069,35111
36069,125181,5150221,8755
36071,336085,12964845,28356
36073,19311,634808,1949
36075,63085,2442866,6412
36077,48862,1808016,4225
36079,56439,2413388,8621
36081,1651816,76971442,148698
36083,113475,4977165,8985
36085,285147,11474791,27700
36087,313560,14098381,30044
36089,66217,2436892,5762
36091,191030,8638971,15823
36093,136907,5912595,9175
36095,12454,439116,1730
36097,8418,301807,1147
36099,21095,671297,2150
36101,67587,2751453,5412
36103,1708153,90244664,147383
36105,53120,1752354,5693
36107,18673,618008,2358
36109,98565,3617128,7104
36111,128893,4439894,14432
36113,82741,3156255,6948
36115,27235,1054436,3154
36117,49345,1801891,5174
36119,1146450,72422124,95730
36121,21397,728389,2337
36123,11121,343028,1553
36999,687698,48058946,2724
37001,154838,5804161,9641
37003,19956,611221,1659
37005,4999,133113,734
37007,12088,348864,1136
37009,13774,416594,1619
37011,11089,320581,1422
37013,35392,1147012,3295
37015,9905,269743,908
37017,23043,744631,1525
37019,66558,2143023,7339
37021,325381,12414404,24738
37023,57290,1894652,4207
37025,171103,6303523,12696
37027,51495,1653514,3925
37029,1412,35635,362
37031,51194,1578900,5788
37033,3669,93265,705
37035,224528,8886727,12265
37037,35396,1147899,4209
37039,15790,458372,1737
37041,8626,289284,1046
37043,3745,99981,618
37045,72584,2544818,5711
37047,28877,949809,2965
37049,73805,2673297,6298
37051,264510,8879057,16785
37053,11044,360092,1892
37055,40033,1366807,5633
37057,126221,4760692,8388
37059,22702,717028,2386
37061,31637,954513,2504
37063,499183,32570082,21986
37065,28043,834572,2234
37067,446844,21211349,25331
37069,23808,963463,3031
37071,179984,6405592,12171
37073,1823,44347,361
37075,3623,137684,480
37077,30024,1120061,2606
37079,5053,142103,767
37081,728422,32626861,40030
37083,32349,929614,2853
37085,53010,1626788,4964
37087,38766,1268569,4075
37089,88189,3116729,7845
37091,17692,567016,1428
37093,12978,363736,1334
37095,1833,56510,471
37097,186404,8235511,13889
37099,31833,1040967,2867
37101,110388,3728442,9671
37103,1867,53224,382
37105,56394,2018492,3916
37107,60044,1935758,3635
37109,46051,1577267,4863
37111,31751,971052,2130
37113,23748,744785,3229
37115,5679,161843,975
37117,12572,322914,1295
37119,1755725,105712264,92900
37121,8823,252696,1089
37123,16960,549586,1446
37125,82031,3018286,6695
37127,92588,3307972,6080
37129,270841,11134309,21815
37131,8841,285683,773
37133,99284,2697514,8250
37135,115398,4633891,9813
37137,6459,178723,789
37139,29114,974883,2743
37141,22120,657775,3046
37143,3087,92924,599
37145,20274,653186,2038
37147,164797,6063335,10771
37149,9413,273093,1459
37151,106797,3612042,7440
37153,28353,835474,2430
37155,80951,2362131,5411
37157,56561,1826844,4961
37159,113497,4336409,7778
37161,40668,1269373,3732
37163,34612,1112342,2951
37165,23873,753818,1782
37167,40775,1321257,3895
37169,14300,393178,1858
37171,70281,2529564,4944
37173,8623,243775,1062
37175,19059,567554,2391
37177,985,28545,231
37179,143916,5521829,13566
37181,31692,1053475,2494
37183,1335445,68279278,84918
37185,5031,132423,774
37187,6695,239329,684
37189,47988,1493748,4804
37191,88015,2847556,6407
37193,43081,1489371,3487
37195,81419,3098492,5247
37197,20265,614218,1778
37199,7977,254496,939
37999,520365,22471903,2364
38001,1665,57209,296
38003,9431,301382,1098
38005,1499,54221,264
38007,682,43661,185
38009,4128,166904,782
38011,2647,99020,480
38013,901,38756,243
38015,126055,5470825,9028
38017,293623,13331508,16564
38019,2598,105784,473
38021,3951,121176,645
38023,944,32552,290
38025,5850,336668,492
38027,990,32955,234
38029,1586,51184,375
38031,2653,100319,450
38033,889,31398,219
38035,88802,3365878,5751
38037,866,26452,220
38039,1168,37707,269
38041,954,35449,285
38043,894,27787,204
38045,2428,86330,453
38047,923,27440,201
38049,1544,58900,369
38051,1734,52645,339
38053,14147,967484,1476
38055,5287,236893,767
38057,9912,649146,743
38059,25182,1072315,2512
38061,10744,611410,1166
38063,1755,53225,365
38065,644,46240,126
38067,5941,237206,815
38069,2681,92890,513
38071,11300,390365,1302
38073,3349,113514,597
38075,1200,41839,338
38077,13747,494882,1598
38079,5336,152470,585
38081,3085,145006,339
38083,273,7047,117
38085,798,19783,87
38087,90,4059,54
38089,39508,2014555,3604
38091,1025,46389,180
38093,22983,841517,2069
38095,922,29146,234
38097,6684,264807,896
38099,7758,283737,1197
38101,74035,3210134,6263
38103,3087,99977,551
38105,57336,3841155,4468
38999,18659,1190652,585
39001,10647,332261,1179
39003,124775,4949639,7235
39005,40163,1367082,3092
39007,65353,2205429,5738
39009,34053,996279,3157
39011,48831,1865800,2924
39013,53593,1749836,4333
39015,15293,428174,1592
39017,376575,16243410,21326
39019,13402,410291,1395
39021,21689,829006,1696
39023,110928,3877715,6859
39025,138247,5437860,10749
39027,34555,1470575,2194
39029,69436,2183709,6104
39031,21034,666055,1894
39033,30044,988183,2404
39035,1969660,101709830,98908
39037,39681,1469632,3449
39039,33799,1320828,2409
39041,211407,10224372,13325
39043,80912,2889701,5553
39045,94974,3174621,7942
39047,25444,783261,1797
39049,1866394,93085168,84669
39051,37134,1483418,2846
39053,21429,795803,1665
39055,79641,3308769,8132
39057,148132,5963207,9283
39059,33968,1196788,2598
39061,1382381,77493125,62978
39063,110380,4913139,5126
39065,15278,484645,1351
39067,7226,250687,800
39069,19423,780324,1683
39071,20995,673479,2045
39073,13116,358057,1470
39075,48113,1622246,3731
39077,43545,1691433,3392
39079,20271,610469,1829
39081,47178,1607991,3771
39083,45913,1666202,3214
39085,241863,10750799,17953
39087,26894,798452,2379
39089,128641,4808487,8997
39091,36735,1486060,2557
39093,237440,9374433,16789
39095,595175,24752685,28742
39097,35311,1388275,2048
39099,248522,8790855,16359
39101,51792,1890898,3419
39103,143257,5790332,11898
39105,6326,157626,918
39107,40797,1474719,2989
39109,92094,3486849,6275
39111,4696,155893,728
39113,668677,30770842,33996
39115,4654,140464,468
39117,9290,297790,1138
39119,73426,2809268,5179
39121,4601,115590,663
39123,25146,989294,3089
39125,8102,253314,889
39127,9969,304492,1262
39129,26625,1010249,2341
39131,19995,917367,1254
39133,125066,4587121,8994
39135,21440,720593,1964
39137,24237,852168,2169
39139,107966,3517417,7789
39141,57422,2404170,3638
39143,58287,2074026,3921
39145,49484,1566450,3857
39147,42658,1412886,3316
39149,57933,2651298,2908
39151,403872,15359226,24539
39153,725751,33111979,40156
39155,178182,6703747,12126
39157,82370,2879588,6524
39159,57072,3117236,3050
39161,23017,788914,1631
39163,3969,112119,411
39165,213879,10721575,12653
39167,58299,2431916,4177
39169,102810,4049365,7441
39171,39405,1392983,2416
39173,144077,5993235,8231
39175,18995,704148,1553
39999,393593,16086886,2625
40001,6886,199681,678
40003,2685,117748,437
40005,5145,138980,838
40007,2764,116328,462
40009,22591,961632,2383
40011,5083,181105,807
40013,26491,805566,2288
40015,10830,350098,1345
40017,69895,2388891,7778
40019,53952,2047999,4850
40021,22410,639946,2221
40023,7531,215026,845
40025,662,17978,216
40027,192206,6415162,17267
40029,1795,53779,264
40031,90003,2913220,6591
40033,2400,71409,228
40035,9425,322407,1037
40037,42688,1600701,4079
40039,25605,954281,2762
40041,19110,557083,2235
40043,2443,88493,446
40045,1916,65440,375
40047,56310,2050505,4967
40049,19791,783050,2124
40051,28939,957603,3370
40053,2089,95132,381
40055,1337,36582,252
40057,787,25465,171
40059,1116,34649,273
40061,5442,153279,639
40063,5216,120657,672
40065,15518,473712,1538
40067,1535,57812,291
40069,4511,166275,543
40071,37423,1350790,3306
40073,13011,598298,1452
40075,3300,88496,532
40077,3301,116924,501
40079,20572,635771,2253
40081,12877,448246,1684
40083,16279,519867,2525
40085,7856,218995,414
40087,19629,619701,2528
40089,21491,671121,1807
40091,7999,245603,1038
40093,4602,183168,785
40095,8404,271481,815
40097,24666,925294,2353
40099,7653,249342,852
40101,59105,2079841,4255
40103,6425,246921,634
40105,3005,81447,450
40107,5294,171006,494
40109,1097981,50447060,71393
40111,16728,484295,2002
40113,12826,426361,1715
40115,23369,671965,1786
40117,5395,203481,770
40119,61027,1877696,5508
40121,28024,929988,2816
40123,31320,1079378,2850
40125,46259,1383257,3984
40127,5358,134823,594
40129,860,27615,256
40131,68176,2869681,5198
40133,12586,407954,1325
40135,18744,435572,1733
40137,31945,1130498,3210
40139,15781,669288,1490
40141,2167,64846,418
40143,974179,45123388,56613
40145,21336,718327,2799
40147,44947,1889351,3476
40149,3195,102688,758
40151,7023,353451,849
40153,18413,809423,2259
40999,122191,7020387,1443
41001,10129,317730,1577
41003,71573,3149897,6351
41005,406805,19405412,35362
41007,39521,1320211,4293
41009,20934,690339,2711
41011,48593,1785956,4665
41013,9783,322201,1541
41015,12963,395857,2058
41017,182236,7277293,20641
41019,81361,3170461,7494
41021,1444,56386,213
41023,3184,105966,682
41025,3248,99382,594
41027,26183,874627,3120
41029,201598,7551616,18301
41031,9400,306279,1147
41033,59134,1953470,5793
41035,43634,1546187,4516
41037,2576,93109,568
41039,359559,14130451,29440
41041,38045,1201063,4607
41043,96692,3614091,7687
41045,21237,627590,2111
41047,301809,11329220,24055
41049,8144,356297,577
41051,1274716,66120977,81643
41053,37156,1208502,4303
41055,824,25722,192
41057,17649,602752,2189
41059,56669,1948246,4648
41061,17852,610524,2180
41063,4497,148563,1135
41065,17586,616607,2040
41067,769720,49826528,45909
41069,222,5248,90
41071,75434,2766047,7421
41999,51380,2773576,1467
42001,76474,2559654,5865
42003,2057956,107495387,101834
42005,36790,1193159,3965
42007,128923,4852056,10101
42009,33462,1081198,3222
42011,422735,18853142,25213
42013,147819,5362401,9551
42015,45616,1792472,4031
42017,725607,33261427,57629
42019,227928,9822763,14591
42021,123930,4224149,9508
42023,3644,127051,324
42025,33701,966166,3376
42027,125113,4631922,10038
42029,719622,50136440,42921
42031,28253,860524,2765
42033,69051,2280597,5959
42035,26216,916768,2283
42037,57396,1958630,4271
42039,72611,2426203,5903
42041,343899,15370108,18147
42043,400631,19429378,20568
42045,605826,31473905,38574
42047,36755,1419427,2667
42049,322173,11776608,18565
42051,98309,3167719,7806
42053,2212,67644,327
42055,133404,4835069,9268
42057,8695,355941,787
42059,29733,1240680,2255
42061,23574,717980,2439
42063,67045,2443542,5591
42065,34649,1210572,3372
42067,13400,409575,1431
42069,265704,9482109,16013
42071,640995,26478731,38609
42073,68978,2386911,5785
42075,115672,4148516,8125
42077,491927,24634899,25658
42079,373790,14337294,21705
42081,119124,4339255,8233
42083,31522,1082836,3027
42085,122996,4177540,8287
42087,34881,1256320,2888
42089,127927,4250554,10114
42091,1454274,90914740,78620
42093,28912,1871794,1465
42095,290140,12530711,18951
42097,60503,2026144,5000
42099,17039,444404,2370
42101,1830177,102973991,83728
42103,22470,626339,2752
42105,10118,366048,1094
42107,108326,3896819,8210
42109,37526,1052877,2608
42111,48409,1597324,5055
42113,2635,64507,465
42115,18129,552852,2626
42117,27181,944014,2622
42119,36856,1320136,2771
42121,39312,1297618,3514
42123,33521,1152657,2736
42125,229938,12126806,15371
42127,32620,1118245,3961
42129,352337,13810881,25790
42131,21866,1005114,1961
42133,460798,19184156,25928
42999,266629,15182183,2835
44001,36853,1244786,3756
44003,194225,8185702,14077
44005,85776,3607211,8228
44007,786850,37522678,47700
44009,115650,5031853,11375
44999,14790,811531,870
45001,10780,326440,1002
45003,128382,5012787,8191
45005,3458,148905,366
45007,153880,5604907,11071
45009,7098,203970,782
45011,9610,292457,1059
45013,159403,5384651,15454
45015,123308,5610157,8937
45017,7802,297151,710
45019,584272,25025700,39934
45021,44059,1422488,2848
45023,16134,611467,1529
45025,30270,1101828,2050
45027,13526,374220,1393
45029,19707,606132,2214
45031,41646,1763489,3222
45033,17275,451964,1446
45035,71580,2437632,6841
45037,11743,410940,966
45039,12083,658421,939
45041,148687,5355994,9401
45043,52329,1844903,5397
45045,646039,28308120,38705
45047,55304,1900197,3931
45049,7724,276038,972
45051,312629,9345071,25883
45053,18536,688988,1844
45055,37760,1281264,3321
45057,48974,2072846,4070
45059,40955,1470239,2754
45061,3918,105966,555
45063,271780,9824652,19157
45065,1883,53719,252
45067,12702,340603,1458
45069,11215,359356,957
45071,28356,936823,2175
45073,49243,1804821,4487
45075,63123,2087915,4777
45077,71026,2137588,5968
45079,459649,19402494,26738
45081,8305,248498,721
45083,346991,14845322,18666
45085,81640,2700986,5317
45087,15743,469511,1242
45089,16614,540072,1489
45091,209042,8442524,14669
45999,176865,7863159,1797
46003,1300,41965,237
46005,16603,562408,1760
46007,1141,28600,189
46009,2465,72915,483
46011,33167,1195790,2696
46013,46765,1742249,3881
46015,3942,120790,650
46017,220,5805,33
46019,5315,159520,963
46021,565,16454,165
46023,5624,150039,824
46025,1496,48776,380
46027,8257,209095,907
46029,35268,1199692,3386
46031,317,10209,108
46033,3105,119924,804
46035,27246,925039,2200
46037,3487,101604,555
46039,2268,97954,389
46041,1166,38188,240
46043,1774,55966,327
46045,1974,75602,372
46047,4082,170530,653
46049,722,21449,213
46051,7606,275920,852
46053,2532,71819,564
46055,1081,35973,257
46057,2795,104497,564
46059,2273,71257,387
46061,736,25206,230
46063,666,28789,125
46065,17317,589996,2000
46067,5212,172917,725
46069,688,23191,129
46071,522,13819,147
46073,1792,64418,222
46075,537,14806,144
46077,2892,110658,512
46079,8413,289694,1090
46081,25113,752592,3050
46083,41242,1713884,4370
46085,1454,33583,222
46087,2664,81650,567
46089,688,20063,228
46091,2578,88599,431
46093,13596,580350,2127
46095,198,4075,54
46097,939,29845,240
46099,346017,15055377,17200
46101,3490,115552,480
46103,134628,4961468,11332
46105,1533,43489,417
46107,1435,53038,305
46109,5074,143829,705
46111,676,19225,177
46113,4723,148601,216
46115,3314,114915,552
46117,2283,74447,339
46119,708,26313,195
46121,1909,58865,162
46123,3553,107341,599
46125,3454,115306,789
46127,21833,1142562,1466
46129,4489,133293,639
46135,26439,991035,2209
46137,573,15802,153
46999,3737,323519,597
47001,97187,5568651,4658
47003,34132,1303938,2294
47005,8216,225657,891
47007,890,25429,275
47009,113562,4935252,6933
47011,100053,3790872,5709
47013,18884,547397,1784
47015,3534,110550,588
47017,14605,418406,1305
47019,21184,598551,2113
47021,15458,550582,1823
47023,6566,180886,701
47025,16256,518160,1293
47027,2394,64042,331
47029,14479,451868,1421
47031,51220,1915895,3730
47033,4713,152667,660
47035,35997,1139197,3174
47037,1284879,68179017,58355
47039,5829,201272,623
47041,9603,336473,849
47043,35076,1150094,2804
47045,33176,1131205,2375
47047,16313,621691,1733
47049,7976,239066,729
47051,24806,977524,2120
47053,27916,865846,2781
47055,19301,707969,1589
47057,5912,175388,681
47059,56301,1845636,3327
47061,3121,76868,473
47063,71702,2463098,3886
47065,519465,21512895,26533
47067,768,21106,141
47069,11578,383967,998
47071,14968,565866,1442
47073,21431,708306,1764
47075,11077,356601,935
47077,15994,499189,1462
47079,21163,687342,2084
47081,5324,174349,787
47083,2494,65649,306
47085,9505,400272,981
47087,1784,56847,295
47089,25765,843694,2100
47091,6348,230387,696
47093,633997,26505715,34183
47095,1242,36439,219
47097,10606,335542,885
47099,21338,639075,2118
47101,4873,129956,635
47103,19503,636966,1688
47105,34083,1259591,2781
47107,38272,1363643,2689
47109,10922,301111,1208
47111,7889,230868,930
47113,137083,5063914,7502
47115,14324,471287,1271
47117,18895,694745,1422
47119,70907,2998103,5235
47121,3046,102039,320
47123,28198,960630,2105
47125,116522,3712482,8477
47127,1560,68847,221
47129,3094,95439,474
47131,22057,699821,1923
47133,8637,290437,954
47135,3416,100126,335
47137,1451,40899,243
47139,3065,93655,635
47141,75794,2514400,5337
47143,18761,578843,1443
47145,21312,595614,2159
47147,44979,1671047,3460
47149,288315,11977251,15301
47151,8308,227095,966
47153,4546,120985,534
47155,112179,3013277,8241
47157,1249741,63117944,58357
47159,8384,286670,798
47161,2814,78571,437
47163,161241,7157032,10111
47165,126372,4924490,9390
47167,21422,711693,2094
47169,2597,72817,339
47171,8007,310730,720
47173,3834,112030,579
47175,553,18134,99
47177,26830,893352,2159
47179,139511,5278484,8497
47181,5366,160581,626
47183,18205,522583,1703
47185,12478,418269,1185
47187,346703,20764734,20436
47189,105693,4026161,7856
47999,209933,7123782,1968
48001,27999,1006416,2756
48003,13479,692887,1201
48005,77634,2658641,5623
48007,11056,321198,1550
48009,2800,103932,645
48011,493,16377,111
48013,26928,1123746,2339
48015,18477,701685,1826
48017,3272,85316,444
48019,7394,206614,1161
48021,37520,1140083,3873
48023,2072,44605,345
48025,12336,398068,1451
48027,254927,9647413,15121
48029,2176383,95531290,106890
48031,4938,187775,865
48033,19,541,21
48035,5854,191747,819
48037,89180,3028331,6643
48039,249294,11912891,16542
48041,182646,6300688,12742
48043,6532,163955,846
48045,156,5455,108
48047,3116,75444,360
48049,32652,965746,2644
48051,7357,271557,995
48053,29675,1052768,3630
48055,17513,506259,1812
48057,19173,1113118,1358
48059,3416,113112,633
48061,307179,8112844,19120
48063,5471,206638,665
48065,1635,57464,381
48067,14135,476321,1504
48069,2454,85196,477
48071,30754,1800091,1834
48073,26574,874408,2237
48075,3219,81527,465
48077,1462,41761,375
48079,438,12722,138
48081,537,10770,165
48083,3396,88814,603
48085,1143259,69641134,67823
48087,875,27699,180
48089,14700,543063,1631
48091,127991,5020017,10419
48093,5671,177412,747
48095,1062,36416,153
48097,32206,1311269,2699
48099,23594,607577,2160
48101,190,5353,78
48103,2192,123098,258
48105,2585,126278,386
48107,1223,58487,291
48109,1363,41873,162
48111,4389,143593,660
48113,4315738,259931650,197233
48115,6262,228429,822
48117,12809,508149,1184
48119,1574,20884,162
48121,610869,26123644,42821
48123,13314,516253,1343
48125,416,11302,126
48127,11782,538287,738
48129,957,19213,243
48131,4864,186810,453
48133,12754,490175,1274
48135,159937,7708635,10749
48137,340,9076,114
48139,112646,4383595,8467
48141,682397,21456483,43156
48143,29734,957926,2869
48145,3973,113749,666
48147,12055,402041,1409
48149,18974,634282,2303
48151,950,34179,216
48153,2230,72744,450
48155,177,4470,75
48157,463306,19847817,37977
48159,10559,175655,473
48161,8856,317799,1023
48163,12950,559695,960
48165,9894,536512,1254
48167,236911,9019324,17264
48169,2774,95501,375
48171,24219,791892,2930
48173,261,15697,90
48175,1620,58060,351
48177,12180,451067,1223
48179,15377,619378,1697
48181,99192,3532652,7575
48183,178098,7198831,12166
48185,12497,515605,1250
48187,81929,3184878,6076
48189,21357,718785,2064
48191,1031,29614,198
48193,3670,113866,602
48195,2741,109838,438
48197,1299,42794,249
48199,24750,885653,2408
48201,6110239,386050512,302474
48203,49037,1947707,3854
48205,2769,102247,345
48207,2324,65648,416
48209,146402,4782439,12097
48211,3159,146773,435
48213,34051,1100393,3885
48215,568504,15593514,35791
48217,18367,562672,1917
48219,16686,771725,1512
48221,37388,1368052,3842
48223,26196,875340,2247
48225,7514,261180,1029
48227,22958,866912,2175
48229,475,17234,93
48231,56727,2621655,4240
48233,15544,800071,1392
48235,1025,48435,174
48237,4943,203038,666
48239,8466,336525,911
48241,21234,692757,1812
48243,841,23402,189
48245,296342,15007321,16951
48247,2115,50243,251
48249,35286,1161228,2624
48251,98960,3801489,8223
48253,5490,219953,879
48255,11638,598793,999
48257,64058,2331932,5567
48259,32471,1360216,3801
48261,276,18811,60
48263,96,5927,36
48265,41789,1524722,4181
48267,2237,56451,392
48269,0,0,3
48271,635,17154,114
48273,18179,524819,1712
48275,1188,40181,261
48277,44064,1596564,3539
48279,5063,174894,720
48281,8680,249150,1196
48283,6544,341752,441
48285,13582,467650,1446
48287,13545,605566,1224
48289,10381,489479,1002
48291,33164,1238433,3168
48293,12015,404941,1163
48295,1491,63993,267
48297,6742,316094,837
48299,9117,258364,1384
48301,10,627,12
48303,322239,11332571,21349
48305,1214,51024,261
48307,5130,191902,615
48309,284610,10201902,15496
48311,1044,77899,134
48313,7793,234085,755
48315,3787,103620,459
48317,2381,114435,327
48319,1848,45149,423
48321,18633,864891,2164
48323,33173,762975,2373
48325,19067,594800,2172
48327,339,8473,140
48329,233931,14414898,15580
48331,10406,443750,1236
48333,1705,46091,321
48335,2450,75769,375
48337,9664,433431,1277
48339,449894,24626764,33430
48341,17635,720819,1323
48343,7253,225870,668
48345,214,4799,78
48347,45706,1448530,3837
48349,33519,1021338,2870
48351,2309,59346,372
48353,10058,356679,1077
48355,425764,16873538,23916
48357,9631,469504,1085
48359,736,21997,134
48361,50579,2365897,3951
48363,14191,495912,1814
48365,17016,713115,1401
48367,79233,2901515,7764
48369,4980,185797,578
48371,9535,380136,1032
48373,21343,710963,2267
48375,168840,6808320,10734
48377,2120,46207,354
48379,2977,78848,489
48381,85277,3358054,7673
48383,3791,178361,389
48385,1680,39628,231
48387,2881,88918,480
48389,8465,424700,825
48391,4358,178131,465
48393,147,6519,51
48395,6552,226607,830
48397,71291,2542627,6306
48399,5233,166599,648
48401,26639,1023499,2438
48403,3042,82252,464
48405,2560,82829,360
48407,2670,75739,576
48409,39665,1723682,3154
48411,1993,52028,495
48413,742,29762,164
48415,12654,639040,1247
48417,2566,111937,368
48419,14888,497279,1452
48421,689,27312,189
48423,259527,10665794,17319
48425,6639,304185,645
48427,24017,487552,1659
48429,4787,185432,729
48431,617,25134,162
48433,731,32193,144
48435,2414,113527,389
48437,2184,59309,422
48439,2260885,107209751,123723
48441,151673,5059543,10333
48443,62,2297,39
48445,5758,208641,679
48447,455,11736,153
48449,31139,1015773,1874
48451,106538,3932189,8301
48453,1721176,101802251,103542
48455,3552,104338,485
48457,5426,160835,782
48459,11326,367055,1479
48461,2738,148505,257
48463,22233,596137,1876
48465,27737,676616,2294
48467,20772,688050,2585
48469,93327,3717776,7072
48471,31700,903376,2917
48473,25850,1082604,2242
48475,9143,473742,873
48477,31919,1045979,2633
48479,222225,6337949,15890
48481,30148,965728,2933
48483,4103,125902,564
48485,122361,4250219,9211
48487,6707,203321,881
48489,4200,117204,582
48491,433211,20651036,30821
48493,16093,514515,2036
48495,4628,307397,513
48497,48020,2130997,3884
48499,21781,695700,2424
48501,6025,340769,582
48503,14080,523422,1743
48505,3933,122396,441
48507,2953,64451,321
48999,1230051,65071125,4161
49001,3976,108073,510
49003,41385,1887740,3342
49005,108702,3531521,10025
49007,13704,488416,1479
49009,234,6616,65
49011,243608,9357556,21171
49013,14714,663594,1890
49015,4042,160754,552
49017,3405,103538,513
49019,11824,316441,1375
49021,31566,917368,4047
49023,5438,168838,612
49025,6314,187836,749
49027,6502,239789,771
49029,3727,160334,834
49031,102,2918,84
49033,881,31643,278
49035,1700973,83734665,94765
49037,6121,198175,768
49039,11810,340887,1293
49041,16351,544849,1560
49043,72734,2508854,7085
49045,26322,925824,2504
49047,23997,993389,3138
49049,569479,23477672,38533
49051,17748,585842,2757
49053,137082,4475424,14378
49055,1368,38349,258
49057,208408,7917491,15630
49999,185647,7728355,1452
50001,30232,1187310,3487
50003,38977,1419909,4158
50005,21681,780031,2684
50007,252118,11113917,17024
50009,984,33233,330
50011,30805,1183519,3036
50013,1568,55225,561
50015,30794,911537,2893
50017,15464,598982,2247
50019,21330,683147,2376
50021,62777,2341803,6385
50023,74581,3178215,6697
50025,55168,2020957,5078
50027,54136,2189792,5951
50999,4564,281248,567
51001,20556,570885,2198
51003,105209,4949692,8139
51005,5269,169303,705
51007,4176,127090,803
51009,14566,460185,1717
51011,5788,143475,867
51013,384752,31152697,19003
51015,51291,2098012,4249
51017,4539,158087,378
51019,30980,1155458,4147
51021,2504,99302,224
51023,23695,938466,2191
51025,5396,181566,746
51027,12784,573408,1218
51029,4427,144868,767
51031,41362,1640972,3573
51033,8718,285518,1142
51035,11274,282770,1225
51036,3218,129392,438
51037,4196,129952,642
51041,322099,13236638,21768
51043,6841,307498,1088
51045,680,19699,174
51047,32127,1240835,2973
51049,1866,52558,401
51051,4546,147003,606
51053,10163,423728,1030
51057,8052,217685,891
51059,1733745,133538021,92680
51061,48316,2106673,5479
51063,5284,149878,948
51065,6144,205914,1129
51067,29516,864878,3502
51069,64993,2529018,4515
51071,8049,304625,863
51073,18608,527281,2564
51075,36873,3240834,1938
51077,3496,98638,456
51079,6076,182211,1039
51081,3873,97855,302
51083,23168,788353,2087
51085,125391,4826419,9423
51087,492978,24770560,27764
51089,28201,879566,2384
51091,646,16590,267
51093,20769,822970,1906
51095,68762,2540667,5105
51097,1170,39132,300
51099,16144,954951,1527
51101,7074,289965,989
51103,9493,357600,1368
51105,6396,168630,819
51107,437908,25237640,30503
51109,13398,541213,1622
51111,4099,114627,519
51113,5428,186843,822
51115,2495,57723,519
51117,23546,778583,2363
51119,5392,157790,1002
51121,77752,2913210,5893
51125,7410,208376,1101
51127,7016,228109,1080
51131,6947,221993,938
51133,4124,144271,940
51135,7657,224436,950
51137,16782,595975,1934
51139,9629,288280,1198
51141,9247,243656,852
51143,20748,659587,2496
51145,13007,487710,2049
51147,15276,467054,1578
51149,26634,782186,1438
51153,284708,12096191,24100
51155,26084,924909,1774
51157,2522,83743,603
51159,4013,109897,530
51161,74132,2788136,5961
51163,12764,355822,1285
51165,70170,2812951,4332
51167,13509,471177,1350
51169,8409,252294,824
51171,28827,939500,2640
51173,20192,736799,1533
51175,4756,180619,663
51177,86459,3187770,7326
51179,83278,3486443,6826
51181,1806,118669,222
51183,4187,120596,545
51185,32799,1063059,3034
51187,26602,901252,2366
51191,42317,1499230,3452
51193,6164,166156,945
51195,21031,635679,2193
51197,23685,746120,2039
51199,49529,1652923,4198
51510,243897,14884801,14111
51515,8292,268930,879
51520,24226,753971,1856
51530,3416,117950,318
51540,87350,4352868,6183
51550,253845,10529346,16118
51570,25711,636647,2007
51580,6655,245655,657
51590,60116,1946429,3857
51595,9313,279520,705
51600,91647,5046285,6837
51610,27316,1344467,2619
51620,8139,225532,808
51630,49750,2019437,4117
51640,11862,363018,903
51650,115475,4659196,7112
51660,66330,2065456,4777
51670,14083,670667,1220
51678,7182,253547,833
51680,153222,5868957,6596
51683,49643,2607375,4502
51685,8507,390868,990
51690,21674,657992,1587
51700,233558,11197162,11342
51710,288297,13174371,16017
51720,10214,397606,702
51730,29375,1047008,2169
51735,2976,75102,597
51740,71350,2623304,4978
51750,9724,336511,932
51760,337780,19659788,18368
51770,182534,7827535,9327
51775,43142,1954288,3010
51790,24522,730863,2243
51800,59067,2239206,4762
51810,449746,17589690,33272
51820,23546,778755,1883
51830,23455,636681,1629
51840,65554,2530471,4081
51999,159418,11513859,2112
53001,11047,436852,1099
53003,12032,421478,1320
53005,176259,8466492,12813
53007,80358,3480272,7592
53009,46135,1606813,6090
53011,378422,18338381,31799
53013,1544,50948,366
53015,79418,3516452,6441
53017,17514,574153,2233
53019,2068,93400,420
53021,53803,2213277,4565
53023,681,25533,138
53025,58519,2273763,5532
53027,40913,1474620,4860
53029,33890,1181191,5195
53031,17813,618411,3107
53033,3454207,258777199,204020
53035,167567,6397137,17369
53037,29372,935710,3653
53039,9666,370381,1572
53041,53961,1974613,5541
53043,3743,155015,737
53045,25106,919697,3105
53047,22861,725003,3448
53049,10154,316258,1678
53051,3508,140014,646
53053,738292,33076177,52186
53055,12807,489360,3053
53057,113229,4830816,10363
53059,3844,119403,587
53061,695606,35876051,54715
53063,545926,23564631,38439
53065,17916,640436,2656
53067,207357,8268150,18259
53069,880,31104,226
53071,49995,1918275,4089
53073,207587,8505082,19635
53075,23721,846728,2474
53077,192806,7486921,14010
53999,100064,7203197,1896
54001,5640,153300,638
54003,62963,2318437,4887
54005,10043,424518,789
54007,7215,218521,760
54009,16121,622810,1125
54011,122504,4562573,7170
54013,1563,75880,290
54015,1556,45258,255
54017,2001,165903,215
54019,20439,680015,2204
54021,2333,74573,360
54023,5827,191618,693
54025,26950,859853,2746
54027,6474,172376,957
54029,21076,675373,1710
54031,10869,318899,768
54033,73666,2988209,5396
54035,16464,633312,1438
54037,28486,900443,2577
54039,226969,9460482,14630
54041,12066,479231,1152
54043,3638,107934,561
54045,22978,940685,1789
54047,6245,178660,729
54049,40271,1470449,3548
54051,20281,769694,1458
54053,8282,322605,968
54055,43608,1414465,3690
54057,13088,473017,1332
54059,6724,189639,1160
54061,119854,5004769,7003
54063,2659,80762,524
54065,4375,135365,693
54067,14991,457486,1712
54069,68815,2534937,4155
54071,2498,71091,425
54073,4155,172908,374
54075,6581,143098,630
54077,13341,454961,1592
54079,46137,1935409,3646
54081,71985,2586823,5345
54083,22299,616986,1996
54085,5851,239310,606
54087,4924,163811,687
54089,3144,92067,480
54091,4883,165945,666
54093,4329,109263,462
54095,3695,145943,317
54097,13742,477418,1557
54099,15390,588646,1463
54101,2718,77107,411
54103,10040,390555,1002
54105,471,10904,153
54107,84430,2748476,6081
54109,6449,194858,822
54999,22404,1174481,963
55001,7599,218771,983
55003,14567,532012,1547
55005,43069,1625253,4013
55007,5648,160197,1291
55009,407128,18624102,19411
55011,5919,192495,915
55013,7718,244335,1185
55015,31422,1235820,2649
55017,55953,2148389,4735
55019,22770,787761,2249
55021,52726,1869976,4321
55023,12919,415904,1134
55025,818753,42701462,42250
55027,75497,3602340,5200
55029,26338,947776,3804
55031,35331,1285264,3089
55033,35736,1316974,2687
55035,140677,5527596,8048
55037,1317,36031,306
55039,112563,4483897,7069
55041,3773,109528,711
55043,36312,1177503,3692
55045,31906,1185039,2918
55047,12989,444893,1376
55049,20546,785963,1706
55051,3120,80463,578
55053,14690,598467,1262
55055,80240,3014676,5854
55057,15691,539518,1679
55059,140417,5292799,9520
55061,11681,416776,1388
55063,163157,6331006,9155
55065,8541,283084,1126
55067,15107,532142,1679
55069,21184,854461,2063
55071,76061,2959720,5263
55073,169550,6964314,10057
55075,38458,1413491,3194
55077,7893,252764,821
55078,799,18023,71
55079,1284893,65522907,59601
55081,39511,1637501,2862
55083,17277,561498,2373
55085,35925,1351786,4133
55087,284089,12318550,15061
55089,109329,4585758,8316
55091,4016,148527,669
55093,18044,590025,2373
55095,33940,1115005,3349
55097,79346,3118909,5100
55099,10905,393082,1187
55101,178526,7971393,12067
55103,10825,347004,1097
55105,154478,6431335,9987
55107,9554,321517,961
55109,79803,3084445,6667
55111,81128,2985722,5424
55113,12074,416530,1915
55115,24630,794418,2616
55117,144421,6296006,7983
55119,18568,692143,1438
55121,31040,1183967,1915
55123,17407,566097,1889
55125,15157,435542,2818
55127,93020,3257545,8002
55129,11114,325696,1548
55131,139016,5698861,9612
55133,692059,36395905,37617
55135,41687,1455973,3633
55137,11145,317019,1395
55139,227336,11413445,10689
55141,90270,3793039,5352
55999,99694,4204084,1626
56001,25466,834184,3119
56003,5873,232686,912
56005,57230,3243053,4379
56007,10400,404918,1559
56009,11443,572593,1343
56011,3410,147664,708
56013,27899,1018802,3837
56015,7238,219692,1043
56017,3536,121196,552
56019,5956,201454,1399
56021,96470,3749941,9689
56023,11127,499369,2003
56025,91755,4005673,8855
56027,817,21327,266
56029,24844,994180,3557
56031,4600,157707,778
56033,27717,968729,3530
56035,7661,514074,1223
56037,42860,2363761,3803
56039,47810,2088885,6308
56041,16365,765173,1718
56043,6642,226676,1072
56045,3697,125143,682
56999,8754,644085,495
